Date,SiteName,Title,link,Description,CVE,CVSS
2026/10/06,SonicWall,"""SonicWall SMA1000 Series Appliances Affected By Multiple Vulnerabilities""",https://psirt.global.sonicwall.com/vuln-detail/SNWLID-2026-0017,"""""1) CVE-2026-102255 - Pre-authentication SSRF via unintended forward-proxy A Pre-authentication SSRF vulnerability exists in the SMA1000 Appliance Work Place interface due to an unintended alternate access path. By abusing this path, a remote unauthenticated attacker could potentially exploit this vulnerability to direct the appliance to issue requests on their behalf and reach internal functionality and perform unauthorized operations. CVSS Score: 10.0 CVSS Vector: CVSS:3.0/AV:N/AC:L/PR:N/UI:N/S:C/C:H/I:H/A:H CWE-918: Server-Side Request Forgery (SSRF) CWE-441: Unintended Proxy or Intermediary ('Confused Deputy') 2) CVE-2026-102256 - Post-authentication Remote Code Execution (RCE) Vulnerability Post-authentication Improper Neutralization of Special Elements used in an OS Command ('OS Command Injection') vulnerability has been identified in the SMA1000 appliance which in specific conditions could potentially enable a remote authenticated attacker as administrator to execute arbitrary OS commands, resulting in remote code execution. CVSS Score: 7.8 CVSS Vector: CVSS:3.0/AV:L/AC:L/PR:L/UI:N/S:U/C:H/I:H/A:H CWE-78: Improper Neutralization of Special Elements used in an OS Command ('OS Command Injection') 3) CVE-2026-102257 - Post-authentication Zip Slip Vulnerability A Zip Slip vulnerability in the in the SMA1000 Appliance Management Console (AMC) interface allows an attacker to extract files outside the intended destination directory using a specially crafted archive, resulting in remote code execution. CVSS Score: 7.2 CVSS Vector: CVSS:3.0/AV:N/AC:L/PR:H/UI:N/S:U/C:H/I:H/A:H CWE-22: Improper Limitation of a Pathname to a Restricted Directory ('Path Traversal') 4) CVE-2026-102258 - Post-authentication Stored Cross-Site Scripting (XSS) Vulnerability Post-authentication Stored Cross-Site Scripting (XSS) vulnerability has been identified in the SMA1000 Appliance Management Console (AMC) which in specific conditions could potentially enable a remote authenticated attacker as administrator to store and potentially execute arbitrary JavaScript code in the Appliance Management Console (AMC). CVSS Score: 5.5 CVSS Vector: CVSS:3.0/AV:N/AC:L/PR:H/UI:N/S:U/C:H/I:L/A:N CWE-79: Improper Neutralization of Input During Web Page Generation ('Cross-site Scripting') SonicWall strongly advises users of the SMA1000 series appliances to upgrade to the mentioned fixed release version to address these vulnerabilities. There is currently no evidence any of the vulnerabilities addressed in this release are being exploited in the wild. Please note that SSL-VPN running on SonicWall Firewall products are not affected by this vulnerability. CVE: CVE-2026-102255, CVE-2026-102256, CVE-2026-102257, CVE-2026-102258 Last updated: Oct. 6, 2026, 9:44 a.m.""""","CVE-2026-102258, CVE-2026-102256, CVE-2026-102255, CVE-2026-102257",3
2026/10/08,Cisco,"""Cisco NX-OS Software NX-API Remote Code Execution Vulnerability""",https://sec.cloudapps.cisco.com/security/center/content/CiscoSecurityAdvisory/cisco-sa-napi-rce-r2shwu2j,"""""",CVE-2026-76471,9.8
2026/10/01,BIND,"""ISC DHCP 4.1 Manual Pages - omapi""",https://kb.isc.org/docs/isc-dhcp-41-manual-pages-omapi,"""""omapi NAME OMAPI - Object Management Application Programming Interface DESCRIPTION OMAPI is an programming layer designed for controlling remote applications, and for querying them for their state. It is currently used by the ISC DHCP server and this outline addresses the parts of OMAPI appropriate to the clients of DHCP server. It does this by also describing the use of a thin API layered on top of OMAPI called ´dhcpctl´ OMAPI uses TCP/IP as the transport for server communication, and securit ...""""",,
2026/10/06,Microsoft Edge,"""CVE-2026-61936 Windows Defender Firewall Service Security Feature Bypass Vulnerability""",https://msrc.microsoft.com/update-guide/vulnerability/CVE-2026-61936,"""""Updated an acknowledgement. This is an informational change only.""""",CVE-2026-61936,
2026/09/29,Microsoft Edge Security Updates,"""Microsoft Edge Security Updates""",https://learn.microsoft.com/en-us/deployedge/microsoft-edge-relnotes-security#september-29-2026,"""Microsoft released the latest Microsoft Edge for Android (Version 154.0.4258.38) which incorporates the latest Security Updates of the Chromium project. For more information, see the Security Update Guide.""","CVE-2025-26643, CVE-2023-28261, CVE-2026-66321, CVE-2023-36559, CVE-2024-4671, CVE-2024-26196, CVE-2022-44688, CVE-2025-47181, CVE-2026-66316, CVE-2024-21423, CVE-2025-21399, CVE-2026-66314, CVE-2022-26912, CVE-2024-49054, CVE-2024-38082, CVE-2020-16013, CVE-2023-38174, CVE-2024-39379, CVE-2023-21719, CVE-2025-29795, CVE-2021-4102, CVE-2021-36929, CVE-2021-30551, CVE-2024-49041, CVE-2023-21720, CVE-2023-36727, CVE-2022-30128, CVE-2024-30056, CVE-2024-21385, CVE-2023-36029, CVE-2022-26905, CVE-2022-29144, CVE-2024-21382, CVE-2023-21796, CVE-2021-30632, CVE-2026-62904, CVE-2024-26192, CVE-2024-26167, CVE-2023-5217, CVE-2021-21193, CVE-2023-28284, CVE-2025-21283, CVE-2024-4761, CVE-2024-21399, CVE-2026-66318, CVE-2024-38103, CVE-2022-33649, CVE-2022-33638, CVE-2021-36931, CVE-2020-16017, CVE-2020-16009, CVE-2024-21337, CVE-2023-29345, CVE-2024-43595, CVE-2025-24201, CVE-2026-85892, CVE-2022-23258, CVE-2024-26163, CVE-2024-30057, CVE-2021-21220, CVE-2023-33143, CVE-2023-36887, CVE-2021-42308, CVE-2024-29057, CVE-2024-7971, CVE-2021-38000, CVE-2020-1341, CVE-2023-3079, CVE-2022-21970, CVE-2022-38012, CVE-2023-36883, CVE-2024-49023, CVE-2022-41035, CVE-2024-21388, CVE-2025-21262, CVE-2022-26891, CVE-2025-21267, CVE-2024-4947, CVE-2022-26899, CVE-2021-30554, CVE-2024-29987, CVE-2025-47967, CVE-2022-26895, CVE-2023-36741, CVE-2024-21387, CVE-2023-35392, CVE-2023-21795, CVE-2024-43577, CVE-2024-20721, CVE-2026-66323, CVE-2025-53791, CVE-2024-30055, CVE-2026-41107, CVE-2023-36014, CVE-2025-21185, CVE-2021-34506, CVE-2023-38157, CVE-2026-58616, CVE-2025-47963, CVE-2026-87491, CVE-2026-66315, CVE-2026-33119, CVE-2022-26894, CVE-2024-21383, CVE-2025-62223, CVE-2024-41879, CVE-2026-66311, CVE-2025-47182, CVE-2023-23374, CVE-2022-24523, CVE-2026-65802, CVE-2025-29796, CVE-2023-21775, CVE-2023-7024, CVE-2026-65804, CVE-2022-26909, CVE-2026-42838, CVE-2021-38003, CVE-2022-0609, CVE-2024-29986, CVE-2025-29825, CVE-2023-36880, CVE-2022-3723, CVE-2022-1096, CVE-2024-21336, CVE-2022-26908, CVE-2024-29991, CVE-2020-1195, CVE-2021-26439, CVE-2025-10585, CVE-2023-36888, CVE-2024-38083, CVE-2026-70341, CVE-2026-0385, CVE-2022-21954, CVE-2025-2783, CVE-2026-2441, CVE-2026-72984, CVE-2025-47964, CVE-2024-43580, CVE-2023-36026, CVE-2023-36562, CVE-2021-21166, CVE-2026-0102, CVE-2023-28286, CVE-2025-21404, CVE-2023-2033, CVE-2025-49713, CVE-2021-31937, CVE-2021-33741, CVE-2026-66326, CVE-2022-22021, CVE-2022-1364, CVE-2021-37975, CVE-2025-13223, CVE-2025-6554, CVE-2024-49025, CVE-2024-43566, CVE-2024-43472, CVE-2022-2856, CVE-2020-6418, CVE-2022-23263, CVE-2023-29350, CVE-2026-45494, CVE-2026-33118, CVE-2024-38222, CVE-2022-29147, CVE-2021-36928, CVE-2025-60711, CVE-2026-66317, CVE-2026-26133, CVE-2025-5419, CVE-2022-29146, CVE-2021-21148, CVE-2024-38156, CVE-2023-36034, CVE-2024-26247, CVE-2023-36787, CVE-2026-66798, CVE-2022-23262, CVE-2021-31982, CVE-2026-3909, CVE-2022-33639, CVE-2025-25000, CVE-2026-85046, CVE-2025-21279, CVE-2024-38209, CVE-2023-36022, CVE-2023-33145, CVE-2023-0941, CVE-2021-43220, CVE-2024-38207, CVE-2024-29049, CVE-2022-4135, CVE-2021-43221, CVE-2021-37973, CVE-2022-21931, CVE-2026-11645, CVE-2023-29354, CVE-2026-66325, CVE-2022-26900, CVE-2020-15999, CVE-2024-0519, CVE-2022-3075, CVE-2023-4863, CVE-2021-24113, CVE-2022-35796, CVE-2026-45492, CVE-2024-43579, CVE-2023-36735, CVE-2023-6345, CVE-2022-33636, CVE-2021-37976, CVE-2026-66312, CVE-2026-40416, CVE-2024-38219, CVE-2023-44323, CVE-2022-21930, CVE-2025-21253, CVE-2023-29334, CVE-2022-30127, CVE-2023-35618, CVE-2026-66324, CVE-2025-29834, CVE-2024-20675, CVE-2023-28301, CVE-2022-4262, CVE-2022-44708, CVE-2025-21342, CVE-2024-38221, CVE-2022-30192, CVE-2025-4664, CVE-2026-66310, CVE-2026-66322, CVE-2025-21408, CVE-2024-43578, CVE-2024-38093, CVE-2022-2294, CVE-2022-24475, CVE-2021-21224, CVE-2023-2136, CVE-2026-5281, CVE-2025-21401, CVE-2024-43596, CVE-2024-30058, CVE-2024-43587, CVE-2024-7965, CVE-2023-38187, CVE-2022-41115, CVE-2022-21929, CVE-2021-30633, CVE-2024-20709, CVE-2026-21223, CVE-2026-3910, CVE-2021-38669, CVE-2023-36008, CVE-2024-38218, CVE-2023-21794, CVE-2025-6558, CVE-2021-36930, CVE-2023-36027, CVE-2021-38641, CVE-2026-45495, CVE-2022-23264, CVE-2022-23261, CVE-2024-29981, CVE-2024-38208, CVE-2023-36878, CVE-2024-43496, CVE-2024-5274, CVE-2023-38173, CVE-2021-34475, CVE-2023-24935, CVE-2023-38158, CVE-2021-21206, CVE-2021-30563, CVE-2024-2883, CVE-2022-33680, CVE-2024-26188, CVE-2024-26246, CVE-2024-43489, CVE-2024-21326, CVE-2024-38210, CVE-2021-38642, CVE-2026-66313, CVE-2023-36024, CVE-2026-72970, CVE-2021-26436",
2026/10/08,Microsoft Edge Security Updates,"""Microsoft Edge Security Updates""",https://learn.microsoft.com/en-us/deployedge/microsoft-edge-relnotes-security#october-08-2026,"""Microsoft released the latest Microsoft Edge for Stable (Version 155.0.4283.45) which incorporates the latest Security Updates of the Chromium project. For more information, see the Security Update Guide.""","CVE-2025-26643, CVE-2023-28261, CVE-2026-66321, CVE-2023-36559, CVE-2024-4671, CVE-2024-26196, CVE-2022-44688, CVE-2025-47181, CVE-2026-66316, CVE-2024-21423, CVE-2025-21399, CVE-2026-66314, CVE-2022-26912, CVE-2024-49054, CVE-2024-38082, CVE-2020-16013, CVE-2023-38174, CVE-2024-39379, CVE-2023-21719, CVE-2025-29795, CVE-2021-4102, CVE-2021-36929, CVE-2021-30551, CVE-2024-49041, CVE-2023-21720, CVE-2023-36727, CVE-2022-30128, CVE-2024-30056, CVE-2024-21385, CVE-2023-36029, CVE-2022-26905, CVE-2022-29144, CVE-2024-21382, CVE-2023-21796, CVE-2021-30632, CVE-2026-62904, CVE-2024-26192, CVE-2024-26167, CVE-2023-5217, CVE-2021-21193, CVE-2023-28284, CVE-2025-21283, CVE-2024-4761, CVE-2024-21399, CVE-2026-66318, CVE-2024-38103, CVE-2022-33649, CVE-2022-33638, CVE-2021-36931, CVE-2020-16017, CVE-2020-16009, CVE-2024-21337, CVE-2023-29345, CVE-2024-43595, CVE-2025-24201, CVE-2026-85892, CVE-2022-23258, CVE-2024-26163, CVE-2024-30057, CVE-2021-21220, CVE-2023-33143, CVE-2023-36887, CVE-2021-42308, CVE-2024-29057, CVE-2024-7971, CVE-2021-38000, CVE-2020-1341, CVE-2023-3079, CVE-2022-21970, CVE-2022-38012, CVE-2023-36883, CVE-2024-49023, CVE-2022-41035, CVE-2024-21388, CVE-2025-21262, CVE-2022-26891, CVE-2025-21267, CVE-2024-4947, CVE-2022-26899, CVE-2021-30554, CVE-2024-29987, CVE-2025-47967, CVE-2022-26895, CVE-2023-36741, CVE-2024-21387, CVE-2023-35392, CVE-2023-21795, CVE-2024-43577, CVE-2024-20721, CVE-2026-66323, CVE-2025-53791, CVE-2024-30055, CVE-2026-41107, CVE-2023-36014, CVE-2025-21185, CVE-2021-34506, CVE-2023-38157, CVE-2026-58616, CVE-2025-47963, CVE-2026-87491, CVE-2026-66315, CVE-2026-33119, CVE-2022-26894, CVE-2024-21383, CVE-2025-62223, CVE-2024-41879, CVE-2026-66311, CVE-2025-47182, CVE-2023-23374, CVE-2022-24523, CVE-2026-65802, CVE-2025-29796, CVE-2023-21775, CVE-2023-7024, CVE-2026-65804, CVE-2022-26909, CVE-2026-42838, CVE-2021-38003, CVE-2022-0609, CVE-2024-29986, CVE-2025-29825, CVE-2023-36880, CVE-2022-3723, CVE-2022-1096, CVE-2024-21336, CVE-2022-26908, CVE-2024-29991, CVE-2020-1195, CVE-2021-26439, CVE-2025-10585, CVE-2023-36888, CVE-2024-38083, CVE-2026-70341, CVE-2026-0385, CVE-2022-21954, CVE-2025-2783, CVE-2026-2441, CVE-2026-72984, CVE-2025-47964, CVE-2024-43580, CVE-2023-36026, CVE-2023-36562, CVE-2021-21166, CVE-2026-0102, CVE-2023-28286, CVE-2025-21404, CVE-2023-2033, CVE-2025-49713, CVE-2021-31937, CVE-2021-33741, CVE-2026-66326, CVE-2022-22021, CVE-2022-1364, CVE-2021-37975, CVE-2025-13223, CVE-2025-6554, CVE-2024-49025, CVE-2024-43566, CVE-2024-43472, CVE-2022-2856, CVE-2020-6418, CVE-2022-23263, CVE-2023-29350, CVE-2026-45494, CVE-2026-33118, CVE-2024-38222, CVE-2022-29147, CVE-2021-36928, CVE-2025-60711, CVE-2026-66317, CVE-2026-26133, CVE-2025-5419, CVE-2022-29146, CVE-2021-21148, CVE-2024-38156, CVE-2023-36034, CVE-2024-26247, CVE-2023-36787, CVE-2026-66798, CVE-2022-23262, CVE-2021-31982, CVE-2026-3909, CVE-2022-33639, CVE-2025-25000, CVE-2026-85046, CVE-2025-21279, CVE-2024-38209, CVE-2023-36022, CVE-2023-33145, CVE-2023-0941, CVE-2021-43220, CVE-2024-38207, CVE-2024-29049, CVE-2022-4135, CVE-2021-43221, CVE-2021-37973, CVE-2022-21931, CVE-2026-11645, CVE-2023-29354, CVE-2026-66325, CVE-2022-26900, CVE-2020-15999, CVE-2024-0519, CVE-2022-3075, CVE-2023-4863, CVE-2021-24113, CVE-2022-35796, CVE-2026-45492, CVE-2024-43579, CVE-2023-36735, CVE-2023-6345, CVE-2022-33636, CVE-2021-37976, CVE-2026-66312, CVE-2026-40416, CVE-2024-38219, CVE-2023-44323, CVE-2022-21930, CVE-2025-21253, CVE-2023-29334, CVE-2022-30127, CVE-2023-35618, CVE-2026-66324, CVE-2025-29834, CVE-2024-20675, CVE-2023-28301, CVE-2022-4262, CVE-2022-44708, CVE-2025-21342, CVE-2024-38221, CVE-2022-30192, CVE-2025-4664, CVE-2026-66310, CVE-2026-66322, CVE-2025-21408, CVE-2024-43578, CVE-2024-38093, CVE-2022-2294, CVE-2022-24475, CVE-2021-21224, CVE-2023-2136, CVE-2026-5281, CVE-2025-21401, CVE-2024-43596, CVE-2024-30058, CVE-2024-43587, CVE-2024-7965, CVE-2023-38187, CVE-2022-41115, CVE-2022-21929, CVE-2021-30633, CVE-2024-20709, CVE-2026-21223, CVE-2026-3910, CVE-2021-38669, CVE-2023-36008, CVE-2024-38218, CVE-2023-21794, CVE-2025-6558, CVE-2021-36930, CVE-2023-36027, CVE-2021-38641, CVE-2026-45495, CVE-2022-23264, CVE-2022-23261, CVE-2024-29981, CVE-2024-38208, CVE-2023-36878, CVE-2024-43496, CVE-2024-5274, CVE-2023-38173, CVE-2021-34475, CVE-2023-24935, CVE-2023-38158, CVE-2021-21206, CVE-2021-30563, CVE-2024-2883, CVE-2022-33680, CVE-2024-26188, CVE-2024-26246, CVE-2024-43489, CVE-2024-21326, CVE-2024-38210, CVE-2021-38642, CVE-2026-66313, CVE-2023-36024, CVE-2026-72970, CVE-2021-26436",
2026/09/29,Microsoft Edge,"""CVE-2026-62694 Windows Installer Elevation of Privilege Vulnerability""",https://msrc.microsoft.com/update-guide/vulnerability/CVE-2026-62694,"""""Updated an acknowledgement. This is an informational change only.""""",CVE-2026-62694,
2026/10/06,Microsoft Edge,"""CVE-2026-62698 Microsoft Digest Authentication Elevation of Privilege Vulnerability""",https://msrc.microsoft.com/update-guide/vulnerability/CVE-2026-62698,"""""Updated an acknowledgement. This is an informational change only.""""",CVE-2026-62698,
2026/10/07,BIND,"""BIND statement nxdomain-redirect""",https://kb.isc.org/docs/bind-statement-nxdomain-redirect,"""""Name nxdomain-redirect Syntax nxdomain-redirect ; Blocks options, view Default value(s) None Introduced Date: 2016-03-25 BIND version: 9.11.0a1 Deprecated Still current as of 2026-10-07, but it will be deprecated in a future release. Removed N/A Description This option causes a resolver to append to the query name, if the first attempt to find an answer for the QNAME itself results in an NXDOMAIN response. BIND will then try to resolve the new QNAME and give that answer to t ...""""",,
2026/10/06,Microsoft Edge,"""CVE-2026-73009 Windows Secure Socket Tunneling Protocol (SSTP) Remote Code Execution Vulnerability""",https://msrc.microsoft.com/update-guide/vulnerability/CVE-2026-73009,"""""Updated an acknowledgement. This is an informational change only.""""",CVE-2026-73009,
2026/09/29,Microsoft Edge,"""CVE-2026-69307 Windows USB Audio Class driver (usbaudio.sys) Elevation of Privilege Vulnerability""",https://msrc.microsoft.com/update-guide/vulnerability/CVE-2026-69307,"""""Updated an acknowledgement. This is an informational change only.""""",CVE-2026-69307,
2026/10/06,Aruba,"""HPESBNW05158 rev.1 - Multiple Vulnerabilities in HPE Networking ClearPass Policy Manager (CPPM)""",https://support.hpe.com/hpesc/public/docDisplay?docId=hpesbnw05158en_us&docLocale=en_US,"""""HPESBNW05158 rev.1 - Multiple Vulnerabilities in HPE Networking ClearPass Policy Manager (CPPM)""""",,
2026/10/06,Microsoft Edge,"""CVE-2026-61927 Windows Bind Filter Driver Elevation of Privilege Vulnerability""",https://msrc.microsoft.com/update-guide/vulnerability/CVE-2026-61927,"""""Updated an acknowledgement. This is an informational change only.""""",CVE-2026-61927,
2026/09/29,Aruba,"""HPESBNW05150 rev.1 - Multiple Vulnerabilities in HPE Networking Instant On APs""",https://support.hpe.com/hpesc/public/docDisplay?docId=hpesbnw05150en_us&docLocale=en_US,"""""HPESBNW05150 rev.1 - Multiple Vulnerabilities in HPE Networking Instant On APs""""",,
2026/10/08,Cisco,"""Cisco Meraki Security Hardening Release: October 2026""",https://sec.cloudapps.cisco.com/security/center/content/CiscoSecurityAdvisory/cisco-sa-hardening-meraki-os-drbEX9GH,"""""","CVE-2026-76467, CVE-2026-76469, CVE-2026-76464, CVE-2026-76463, CVE-2026-76468, CVE-2026-76470, CVE-2026-76472",9.6
2026/09/29,Mozilla Security Advisories,"""MFSA 2026-99 Security Vulnerabilities fixed in Firefox ESR 140.17""",https://www.mozilla.org/en-US/security/advisories/mfsa2026-99/,"""""","CVE-2026-96869, CVE-2026-100756, CVE-2026-100820, CVE-2026-100791, CVE-2026-100782, CVE-2026-100784, CVE-2026-100769, CVE-2026-100794, CVE-2026-100801, CVE-2026-100778, CVE-2026-100771, CVE-2026-100773, CVE-2026-100758, CVE-2026-100766, CVE-2026-100786, CVE-2026-100780, CVE-2026-92035, CVE-2026-100774, CVE-2026-100770, CVE-2026-100777, CVE-2026-100819, CVE-2026-100781, CVE-2026-100797, CVE-2026-100792, CVE-2026-100788, CVE-2026-100821, CVE-2026-100818, CVE-2026-100803, CVE-2026-100807, CVE-2026-100757, CVE-2026-100759, CVE-2026-100789, CVE-2026-100762, CVE-2026-100779, CVE-2026-100832, CVE-2026-100790, CVE-2026-100767, CVE-2026-100776, CVE-2026-100775, CVE-2026-100783, CVE-2026-100811, CVE-2026-100772, CVE-2026-100785",
2026/09/30,Aruba,"""HPESBHF05154 rev.1 - HPE Compute Scale-up Server 3200 and 3250 platforms and Superdome Flex server, Remote RMC file modification""",https://support.hpe.com/hpesc/public/docDisplay?docId=hpesbhf05154en_us&docLocale=en_US,"""""HPESBHF05154 rev.1 - HPE Compute Scale-up Server 3200 and 3250 platforms and Superdome Flex server, Remote RMC file modification""""",,
2026/10/06,WordPress,"""WordPress 7.1.3 Maintenance and Security Release""",https://wordpress.org/news/2026/10/wordpress-7-1-3-maintenance-and-security-release/,"""""This security and maintenance release features 7 security fixes and 4 bug fixes. Because this is a security release, it is recommended that you update your sites immediately. You can download WordPress 7.1.3 from WordPress.org, or visit your WordPress Dashboard, click “Updates”, and then click “Update Now”. If you have sites that support automatic background […]""""",,
2026/10/06,Aruba,"""HPESBNW05156 rev 1 - Multiple Vulnerabilities in HPE Networking AOS-Swtich (AOS-S)""",https://support.hpe.com/hpesc/public/docDisplay?docId=hpesbnw05156en_us&docLocale=en_US,"""""HPESBNW05156 rev 1 - Multiple Vulnerabilities in HPE Networking AOS-Swtich (AOS-S)""""",,
2026/10/09,Microsoft Edge,"""CVE-2026-68880 Windows Win32k Elevation of Privilege Vulnerability""",https://msrc.microsoft.com/update-guide/vulnerability/CVE-2026-68880,"""""Updated an acknowledgement. This is an informational change only.""""",CVE-2026-68880,
2026/10/09,Microsoft Edge,"""CVE-2026-59127 Windows Installer Elevation of Privilege Vulnerability""",https://msrc.microsoft.com/update-guide/vulnerability/CVE-2026-59127,"""""Updated an acknowledgement. This is an informational change only.""""",CVE-2026-59127,
2026/10/06,Microsoft Edge,"""CVE-2026-72999 Windows USB Hub Driver Elevation of Privilege Vulnerability""",https://msrc.microsoft.com/update-guide/vulnerability/CVE-2026-72999,"""""Updated an acknowledgement. This is an informational change only.""""",CVE-2026-72999,
2026/10/07,Cisco,"""Cisco NX-OS Software Control Plane Denial of Service Vulnerability""",https://sec.cloudapps.cisco.com/security/center/content/CiscoSecurityAdvisory/cisco-sa-nxos-nscpdos-SnderkC7,"""""",CVE-2026-20173,5.8
2026/09/29,Aruba,"""HPESBNW05149 rev.1 -HPE Networking Advance Notification of Security Advisories for October 6, 2026.""",https://support.hpe.com/hpesc/public/docDisplay?docId=hpesbnw05149en_us&docLocale=en_US,"""""HPESBNW05149 rev.1 -HPE Networking Advance Notification of Security Advisories for October 6, 2026.""""",,
2026/10/06,Mozilla Security Advisories,"""MFSA 2026-104 Security Vulnerabilities fixed in Firefox 157.0.1""",https://www.mozilla.org/en-US/security/advisories/mfsa2026-104/,"""""",CVE-2026-106016,
2026/10/06,Microsoft Edge,"""CVE-2026-71343 Windows Remote Access Connection Manager Remote Code Execution Vulnerability""",https://msrc.microsoft.com/update-guide/vulnerability/CVE-2026-71343,"""""Updated an acknowledgement. This is an informational change only.""""",CVE-2026-71343,
2026/10/09,Microsoft Edge,"""CVE-2026-61936 Windows Defender Firewall Service Security Feature Bypass Vulnerability""",https://msrc.microsoft.com/update-guide/vulnerability/CVE-2026-61936,"""""Updated an acknowledgement. This is an informational change only.""""",CVE-2026-61936,
2026/09/30,Microsoft Edge,"""CVE-2026-69288 Windows GDI+ Information Disclosure Vulnerability""",https://msrc.microsoft.com/update-guide/vulnerability/CVE-2026-69288,"""""Updated an acknowledgement. This is an informational change only.""""",CVE-2026-69288,
2026/10/06,Microsoft Edge,"""CVE-2026-69265 Windows NTFS Elevation of Privilege Vulnerability""",https://msrc.microsoft.com/update-guide/vulnerability/CVE-2026-69265,"""""Updated an acknowledgement. This is an informational change only.""""",CVE-2026-69265,
2026/09/29,Microsoft Edge,"""CVE-2026-61930 Windows Kernel Elevation of Privilege Vulnerability""",https://msrc.microsoft.com/update-guide/vulnerability/CVE-2026-61930,"""""Updated an acknowledgement. This is an informational change only.""""",CVE-2026-61930,
2026/09/30,SKYSEA Client View,"""xrdpの脆弱性に関する注意喚起（CVE-2026-54538）""",https://www.skygroup.jp/security-info/news/260930.html,"""""",CVE-2026-54538,
2026/10/09,Microsoft Edge,"""CVE-2026-59124 Microsoft High Performance Computing (HPC) Pack Remote Code Execution Vulnerability""",https://msrc.microsoft.com/update-guide/vulnerability/CVE-2026-59124,"""""Updated an acknowledgement. This is an informational change only.""""",CVE-2026-59124,
2026/09/29,Mozilla Security Advisories,"""MFSA 2026-97 Security Vulnerabilities fixed in Firefox 157""",https://www.mozilla.org/en-US/security/advisories/mfsa2026-97/,"""""","CVE-2026-100808, CVE-2026-96869, CVE-2026-100756, CVE-2026-100820, CVE-2026-100816, CVE-2026-100791, CVE-2026-100782, CVE-2026-100809, CVE-2026-100784, CVE-2026-100769, CVE-2026-100796, CVE-2026-100794, CVE-2026-100764, CVE-2026-100804, CVE-2026-100801, CVE-2026-100793, CVE-2026-100778, CVE-2026-100771, CVE-2026-100773, CVE-2026-100758, CVE-2026-100823, CVE-2026-100802, CVE-2026-100766, CVE-2026-100814, CVE-2026-100786, CVE-2026-100830, CVE-2026-100768, CVE-2026-100780, CVE-2026-100799, CVE-2026-100798, CVE-2026-100812, CVE-2026-100822, CVE-2026-100760, CVE-2026-100774, CVE-2026-100787, CVE-2026-100761, CVE-2026-100765, CVE-2026-100770, CVE-2026-100777, CVE-2026-100805, CVE-2026-100813, CVE-2026-100819, CVE-2026-100781, CVE-2026-100797, CVE-2026-100828, CVE-2026-100831, CVE-2026-100792, CVE-2026-100817, CVE-2026-100815, CVE-2026-100788, CVE-2026-100806, CVE-2026-100821, CVE-2026-100818, CVE-2026-100826, CVE-2026-100800, CVE-2026-100829, CVE-2026-100803, CVE-2026-100807, CVE-2026-100757, CVE-2026-100759, CVE-2026-100789, CVE-2026-100762, CVE-2026-100779, CVE-2026-100825, CVE-2026-100810, CVE-2026-100790, CVE-2026-100767, CVE-2026-100776, CVE-2026-100763, CVE-2026-100775, CVE-2026-100783, CVE-2026-100772, CVE-2026-100811, CVE-2026-100785, CVE-2026-100795, CVE-2026-100824",
2026/10/05,Microsoft Edge Security Updates,"""Microsoft Edge Security Updates""",https://learn.microsoft.com/en-us/deployedge/microsoft-edge-relnotes-security#october-05-2026,"""Microsoft released the latest Microsoft Edge for Stable (Version 154.0.4258.62) which incorporates the latest Security Updates of the Chromium project. For more information, see the Security Update Guide.""","CVE-2025-26643, CVE-2023-28261, CVE-2026-66321, CVE-2023-36559, CVE-2024-4671, CVE-2024-26196, CVE-2022-44688, CVE-2025-47181, CVE-2026-66316, CVE-2024-21423, CVE-2025-21399, CVE-2026-66314, CVE-2022-26912, CVE-2024-49054, CVE-2024-38082, CVE-2020-16013, CVE-2023-38174, CVE-2024-39379, CVE-2023-21719, CVE-2025-29795, CVE-2021-4102, CVE-2021-36929, CVE-2021-30551, CVE-2024-49041, CVE-2023-21720, CVE-2023-36727, CVE-2022-30128, CVE-2024-30056, CVE-2024-21385, CVE-2023-36029, CVE-2022-26905, CVE-2022-29144, CVE-2024-21382, CVE-2023-21796, CVE-2021-30632, CVE-2026-62904, CVE-2024-26192, CVE-2024-26167, CVE-2023-5217, CVE-2021-21193, CVE-2023-28284, CVE-2025-21283, CVE-2024-4761, CVE-2024-21399, CVE-2026-66318, CVE-2024-38103, CVE-2022-33649, CVE-2022-33638, CVE-2021-36931, CVE-2020-16017, CVE-2020-16009, CVE-2024-21337, CVE-2023-29345, CVE-2024-43595, CVE-2025-24201, CVE-2026-85892, CVE-2022-23258, CVE-2024-26163, CVE-2024-30057, CVE-2021-21220, CVE-2023-33143, CVE-2023-36887, CVE-2021-42308, CVE-2024-29057, CVE-2024-7971, CVE-2021-38000, CVE-2020-1341, CVE-2023-3079, CVE-2022-21970, CVE-2022-38012, CVE-2023-36883, CVE-2024-49023, CVE-2022-41035, CVE-2024-21388, CVE-2025-21262, CVE-2022-26891, CVE-2025-21267, CVE-2024-4947, CVE-2022-26899, CVE-2021-30554, CVE-2024-29987, CVE-2025-47967, CVE-2022-26895, CVE-2023-36741, CVE-2024-21387, CVE-2023-35392, CVE-2023-21795, CVE-2024-43577, CVE-2024-20721, CVE-2026-66323, CVE-2025-53791, CVE-2024-30055, CVE-2026-41107, CVE-2023-36014, CVE-2025-21185, CVE-2021-34506, CVE-2023-38157, CVE-2026-58616, CVE-2025-47963, CVE-2026-87491, CVE-2026-66315, CVE-2026-33119, CVE-2022-26894, CVE-2024-21383, CVE-2025-62223, CVE-2024-41879, CVE-2026-66311, CVE-2025-47182, CVE-2023-23374, CVE-2022-24523, CVE-2026-65802, CVE-2025-29796, CVE-2023-21775, CVE-2023-7024, CVE-2026-65804, CVE-2022-26909, CVE-2026-42838, CVE-2021-38003, CVE-2022-0609, CVE-2024-29986, CVE-2025-29825, CVE-2023-36880, CVE-2022-3723, CVE-2022-1096, CVE-2024-21336, CVE-2022-26908, CVE-2024-29991, CVE-2020-1195, CVE-2021-26439, CVE-2025-10585, CVE-2023-36888, CVE-2024-38083, CVE-2026-70341, CVE-2026-0385, CVE-2022-21954, CVE-2025-2783, CVE-2026-2441, CVE-2026-72984, CVE-2025-47964, CVE-2024-43580, CVE-2023-36026, CVE-2023-36562, CVE-2021-21166, CVE-2026-0102, CVE-2023-28286, CVE-2025-21404, CVE-2023-2033, CVE-2025-49713, CVE-2021-31937, CVE-2021-33741, CVE-2026-66326, CVE-2022-22021, CVE-2022-1364, CVE-2021-37975, CVE-2025-13223, CVE-2025-6554, CVE-2024-49025, CVE-2024-43566, CVE-2024-43472, CVE-2022-2856, CVE-2020-6418, CVE-2022-23263, CVE-2023-29350, CVE-2026-45494, CVE-2026-33118, CVE-2024-38222, CVE-2022-29147, CVE-2021-36928, CVE-2025-60711, CVE-2026-66317, CVE-2026-26133, CVE-2025-5419, CVE-2022-29146, CVE-2021-21148, CVE-2024-38156, CVE-2023-36034, CVE-2024-26247, CVE-2023-36787, CVE-2026-66798, CVE-2022-23262, CVE-2021-31982, CVE-2026-3909, CVE-2022-33639, CVE-2025-25000, CVE-2026-85046, CVE-2025-21279, CVE-2024-38209, CVE-2023-36022, CVE-2023-33145, CVE-2023-0941, CVE-2021-43220, CVE-2024-38207, CVE-2024-29049, CVE-2022-4135, CVE-2021-43221, CVE-2021-37973, CVE-2022-21931, CVE-2026-11645, CVE-2023-29354, CVE-2026-66325, CVE-2022-26900, CVE-2020-15999, CVE-2024-0519, CVE-2022-3075, CVE-2023-4863, CVE-2021-24113, CVE-2022-35796, CVE-2026-45492, CVE-2024-43579, CVE-2023-36735, CVE-2023-6345, CVE-2022-33636, CVE-2021-37976, CVE-2026-66312, CVE-2026-40416, CVE-2024-38219, CVE-2023-44323, CVE-2022-21930, CVE-2025-21253, CVE-2023-29334, CVE-2022-30127, CVE-2023-35618, CVE-2026-66324, CVE-2025-29834, CVE-2024-20675, CVE-2023-28301, CVE-2022-4262, CVE-2022-44708, CVE-2025-21342, CVE-2024-38221, CVE-2022-30192, CVE-2025-4664, CVE-2026-66310, CVE-2026-66322, CVE-2025-21408, CVE-2024-43578, CVE-2024-38093, CVE-2022-2294, CVE-2022-24475, CVE-2021-21224, CVE-2023-2136, CVE-2026-5281, CVE-2025-21401, CVE-2024-43596, CVE-2024-30058, CVE-2024-43587, CVE-2024-7965, CVE-2023-38187, CVE-2022-41115, CVE-2022-21929, CVE-2021-30633, CVE-2024-20709, CVE-2026-21223, CVE-2026-3910, CVE-2021-38669, CVE-2023-36008, CVE-2024-38218, CVE-2023-21794, CVE-2025-6558, CVE-2021-36930, CVE-2023-36027, CVE-2021-38641, CVE-2026-45495, CVE-2022-23264, CVE-2022-23261, CVE-2024-29981, CVE-2024-38208, CVE-2023-36878, CVE-2024-43496, CVE-2024-5274, CVE-2023-38173, CVE-2021-34475, CVE-2023-24935, CVE-2023-38158, CVE-2021-21206, CVE-2021-30563, CVE-2024-2883, CVE-2022-33680, CVE-2024-26188, CVE-2024-26246, CVE-2024-43489, CVE-2024-21326, CVE-2024-38210, CVE-2021-38642, CVE-2026-66313, CVE-2023-36024, CVE-2026-72970, CVE-2021-26436",
2026/09/29,Mozilla Security Advisories,"""MFSA 2026-98 Security Vulnerabilities fixed in Firefox ESR 115.42""",https://www.mozilla.org/en-US/security/advisories/mfsa2026-98/,"""""","CVE-2026-100756, CVE-2026-100791, CVE-2026-100782, CVE-2026-100784, CVE-2026-100778, CVE-2026-100771, CVE-2026-100773, CVE-2026-100758, CVE-2026-100766, CVE-2026-100786, CVE-2026-100780, CVE-2026-92035, CVE-2026-100774, CVE-2026-100770, CVE-2026-100777, CVE-2026-100819, CVE-2026-100781, CVE-2026-100797, CVE-2026-100821, CVE-2026-100803, CVE-2026-100757, CVE-2026-100759, CVE-2026-100789, CVE-2026-100762, CVE-2026-100779, CVE-2026-100832, CVE-2026-100790, CVE-2026-100767, CVE-2026-100775, CVE-2026-100783, CVE-2026-100785",
2026/10/06,Microsoft Edge,"""CVE-2026-69844 Windows Win32k Elevation of Privilege Vulnerability""",https://msrc.microsoft.com/update-guide/vulnerability/CVE-2026-69844,"""""Updated an acknowledgement. This is an informational change only.""""",CVE-2026-69844,
2026/09/30,Microsoft Edge,"""CVE-2026-70562 Windows Audio Service Elevation of Privilege Vulnerability""",https://msrc.microsoft.com/update-guide/vulnerability/CVE-2026-70562,"""""Updated an acknowledgement. This is an informational change only.""""",CVE-2026-70562,
2026/10/01,BIND,"""DNSSEC signing with an offline KSK""",https://kb.isc.org/docs/dnssec-signing-with-an-offline-ksk,"""""This article describes how to configure and operate BIND 9 with an offline KSK. It is assumed that the reader has a general understanding of DNSSEC. Supported BIND 9 versions The Offline KSK feature was introduced in BIND 9.20.2. Support for KSK rollover in this mode was added in 9.20.4 When signing your zone with DNSSEC, you have the option to use a single key that signs the complete zone (CSK), or to use two keys and split the roles of signing key material and zone data (the so-called KSK/ZS ...""""",,
2026/10/07,Cisco,"""Cisco License (Smart Software Manager) On-Prem Security Hardening Release: October 2026""",https://sec.cloudapps.cisco.com/security/center/content/CiscoSecurityAdvisory/cisco-sa-hardening-ssm-Ph77wdhf,"""""","CVE-2026-76483, CVE-2026-76480, CVE-2026-76484, CVE-2026-76482",10.0
2026/10/09,Microsoft Edge,"""CVE-2026-69301 Windows Win32k Elevation of Privilege Vulnerability""",https://msrc.microsoft.com/update-guide/vulnerability/CVE-2026-69301,"""""Updated an acknowledgement. This is an informational change only.""""",CVE-2026-69301,
2026/09/30,Microsoft Edge,"""CVE-2026-69586 Microsoft Windows PDF Remote Code Execution Vulnerability""",https://msrc.microsoft.com/update-guide/vulnerability/CVE-2026-69586,"""""Updated an acknowledgement. This is an informational change only.""""",CVE-2026-69586,
2026/10/09,Aruba,"""HPESBST05161 rev.1 - HPE SAN Switches with Brocade Fabric OS (FOS) BSA-2026-3961, Multiple Vulnerabilities""",https://support.hpe.com/hpesc/public/docDisplay?docId=hpesbst05161en_us&docLocale=en_US,"""""HPESBST05161 rev.1 - HPE SAN Switches with Brocade Fabric OS (FOS) BSA-2026-3961, Multiple Vulnerabilities""""",,
2026/10/03,Aruba,"""HPESBNW05155 rev.2 - HPE Telco Service Orchestrator, Multiple Vulnerabilities""",https://support.hpe.com/hpesc/public/docDisplay?docId=hpesbnw05155en_us&docLocale=en_US,"""""HPESBNW05155 rev.2 - HPE Telco Service Orchestrator, Multiple Vulnerabilities""""",,
2026/10/09,Microsoft Edge,"""CVE-2026-69598 Windows iSCSI Remote Code Execution Vulnerability""",https://msrc.microsoft.com/update-guide/vulnerability/CVE-2026-69598,"""""Updated an acknowledgement. This is an informational change only.""""",CVE-2026-69598,
2026/09/30,Microsoft Edge,"""CVE-2026-69328 Windows Storage Elevation of Privilege Vulnerability""",https://msrc.microsoft.com/update-guide/vulnerability/CVE-2026-69328,"""""Updated an acknowledgement. This is an informational change only.""""",CVE-2026-69328,
2026/10/07,Cisco,"""Cisco Application Policy Infrastructure Controller Security Hardening Release: October 2026""",https://sec.cloudapps.cisco.com/security/center/content/CiscoSecurityAdvisory/cisco-sa-hardening-apic-UOXWtfh,"""""","CVE-2026-76499, CVE-2026-76500, CVE-2026-76498",9.8
2026/10/09,Microsoft Edge,"""CVE-2026-69277 Microsoft Local Security Authority (LSA) Server Elevation of Privilege Vulnerability""",https://msrc.microsoft.com/update-guide/vulnerability/CVE-2026-69277,"""""Updated an acknowledgement. This is an informational change only.""""",CVE-2026-69277,
2026/09/29,Mozilla Security Advisories,"""MFSA 2026-100 Security Vulnerabilities fixed in Firefox ESR 153.4""",https://www.mozilla.org/en-US/security/advisories/mfsa2026-100/,"""""","CVE-2026-100808, CVE-2026-96869, CVE-2026-100756, CVE-2026-100820, CVE-2026-100816, CVE-2026-100791, CVE-2026-100782, CVE-2026-100809, CVE-2026-100784, CVE-2026-100769, CVE-2026-100794, CVE-2026-100801, CVE-2026-100778, CVE-2026-100771, CVE-2026-100773, CVE-2026-100758, CVE-2026-100766, CVE-2026-100814, CVE-2026-100786, CVE-2026-100830, CVE-2026-100780, CVE-2026-100798, CVE-2026-100812, CVE-2026-100822, CVE-2026-100760, CVE-2026-100774, CVE-2026-100787, CVE-2026-100765, CVE-2026-100770, CVE-2026-100777, CVE-2026-100819, CVE-2026-100828, CVE-2026-100831, CVE-2026-100781, CVE-2026-100797, CVE-2026-100792, CVE-2026-100815, CVE-2026-100788, CVE-2026-100806, CVE-2026-100821, CVE-2026-100818, CVE-2026-100826, CVE-2026-100800, CVE-2026-100829, CVE-2026-100803, CVE-2026-100807, CVE-2026-100757, CVE-2026-100759, CVE-2026-100789, CVE-2026-100762, CVE-2026-100779, CVE-2026-100832, CVE-2026-100825, CVE-2026-100790, CVE-2026-100767, CVE-2026-100776, CVE-2026-100775, CVE-2026-100783, CVE-2026-100811, CVE-2026-100772, CVE-2026-100785, CVE-2026-100824",
2026/09/30,Microsoft Edge,"""CVE-2026-69605 Microsoft Install Service Elevation of Privilege Vulnerability""",https://msrc.microsoft.com/update-guide/vulnerability/CVE-2026-69605,"""""Updated an acknowledgement. This is an informational change only.""""",CVE-2026-69605,
2026/10/06,Microsoft Edge,"""CVE-2026-68894 Windows Error Reporting Elevation of Privilege Vulnerability""",https://msrc.microsoft.com/update-guide/vulnerability/CVE-2026-68894,"""""Updated an acknowledgement. This is an informational change only.""""",CVE-2026-68894,
2026/10/07,Cisco,"""Cisco NX-OS Software Security Hardening Release: October 2026""",https://sec.cloudapps.cisco.com/security/center/content/CiscoSecurityAdvisory/cisco-sa-hardening-nxosw1-cWzSbtR,"""""","CVE-2026-76456, CVE-2026-76458, CVE-2026-76453, CVE-2026-76455, CVE-2026-76457, CVE-2026-76459",9.8
2026/09/29,Microsoft Edge Security Updates,"""Microsoft Edge Security Updates""",https://learn.microsoft.com/en-us/deployedge/microsoft-edge-relnotes-security#september-29th-2026,"""Microsoft released the latest Microsoft Edge for Stable (Version 154.0.4258.48) which incorporates the latest Security Updates of the Chromium project. For more information, see the Security Update Guide.""","CVE-2025-26643, CVE-2023-28261, CVE-2026-66321, CVE-2023-36559, CVE-2024-4671, CVE-2024-26196, CVE-2022-44688, CVE-2025-47181, CVE-2026-66316, CVE-2024-21423, CVE-2025-21399, CVE-2026-66314, CVE-2022-26912, CVE-2024-49054, CVE-2024-38082, CVE-2020-16013, CVE-2023-38174, CVE-2024-39379, CVE-2023-21719, CVE-2025-29795, CVE-2021-4102, CVE-2021-36929, CVE-2021-30551, CVE-2024-49041, CVE-2023-21720, CVE-2023-36727, CVE-2022-30128, CVE-2024-30056, CVE-2024-21385, CVE-2023-36029, CVE-2022-26905, CVE-2022-29144, CVE-2024-21382, CVE-2023-21796, CVE-2021-30632, CVE-2026-62904, CVE-2024-26192, CVE-2024-26167, CVE-2023-5217, CVE-2021-21193, CVE-2023-28284, CVE-2025-21283, CVE-2024-4761, CVE-2024-21399, CVE-2026-66318, CVE-2024-38103, CVE-2022-33649, CVE-2022-33638, CVE-2021-36931, CVE-2020-16017, CVE-2020-16009, CVE-2024-21337, CVE-2023-29345, CVE-2024-43595, CVE-2025-24201, CVE-2026-85892, CVE-2022-23258, CVE-2024-26163, CVE-2024-30057, CVE-2021-21220, CVE-2023-33143, CVE-2023-36887, CVE-2021-42308, CVE-2024-29057, CVE-2024-7971, CVE-2021-38000, CVE-2020-1341, CVE-2023-3079, CVE-2022-21970, CVE-2022-38012, CVE-2023-36883, CVE-2024-49023, CVE-2022-41035, CVE-2024-21388, CVE-2025-21262, CVE-2022-26891, CVE-2025-21267, CVE-2024-4947, CVE-2022-26899, CVE-2021-30554, CVE-2024-29987, CVE-2025-47967, CVE-2022-26895, CVE-2023-36741, CVE-2024-21387, CVE-2023-35392, CVE-2023-21795, CVE-2024-43577, CVE-2024-20721, CVE-2026-66323, CVE-2025-53791, CVE-2024-30055, CVE-2026-41107, CVE-2023-36014, CVE-2025-21185, CVE-2021-34506, CVE-2023-38157, CVE-2026-58616, CVE-2025-47963, CVE-2026-87491, CVE-2026-66315, CVE-2026-33119, CVE-2022-26894, CVE-2024-21383, CVE-2025-62223, CVE-2024-41879, CVE-2026-66311, CVE-2025-47182, CVE-2023-23374, CVE-2022-24523, CVE-2026-65802, CVE-2025-29796, CVE-2023-21775, CVE-2023-7024, CVE-2026-65804, CVE-2022-26909, CVE-2026-42838, CVE-2021-38003, CVE-2022-0609, CVE-2024-29986, CVE-2025-29825, CVE-2023-36880, CVE-2022-3723, CVE-2022-1096, CVE-2024-21336, CVE-2022-26908, CVE-2024-29991, CVE-2020-1195, CVE-2021-26439, CVE-2025-10585, CVE-2023-36888, CVE-2024-38083, CVE-2026-70341, CVE-2026-0385, CVE-2022-21954, CVE-2025-2783, CVE-2026-2441, CVE-2026-72984, CVE-2025-47964, CVE-2024-43580, CVE-2023-36026, CVE-2023-36562, CVE-2021-21166, CVE-2026-0102, CVE-2023-28286, CVE-2025-21404, CVE-2023-2033, CVE-2025-49713, CVE-2021-31937, CVE-2021-33741, CVE-2026-66326, CVE-2022-22021, CVE-2022-1364, CVE-2021-37975, CVE-2025-13223, CVE-2025-6554, CVE-2024-49025, CVE-2024-43566, CVE-2024-43472, CVE-2022-2856, CVE-2020-6418, CVE-2022-23263, CVE-2023-29350, CVE-2026-45494, CVE-2026-33118, CVE-2024-38222, CVE-2022-29147, CVE-2021-36928, CVE-2025-60711, CVE-2026-66317, CVE-2026-26133, CVE-2025-5419, CVE-2022-29146, CVE-2021-21148, CVE-2024-38156, CVE-2023-36034, CVE-2024-26247, CVE-2023-36787, CVE-2026-66798, CVE-2022-23262, CVE-2021-31982, CVE-2026-3909, CVE-2022-33639, CVE-2025-25000, CVE-2026-85046, CVE-2025-21279, CVE-2024-38209, CVE-2023-36022, CVE-2023-33145, CVE-2023-0941, CVE-2021-43220, CVE-2024-38207, CVE-2024-29049, CVE-2022-4135, CVE-2021-43221, CVE-2021-37973, CVE-2022-21931, CVE-2026-11645, CVE-2023-29354, CVE-2026-66325, CVE-2022-26900, CVE-2020-15999, CVE-2024-0519, CVE-2022-3075, CVE-2023-4863, CVE-2021-24113, CVE-2022-35796, CVE-2026-45492, CVE-2024-43579, CVE-2023-36735, CVE-2023-6345, CVE-2022-33636, CVE-2021-37976, CVE-2026-66312, CVE-2026-40416, CVE-2024-38219, CVE-2023-44323, CVE-2022-21930, CVE-2025-21253, CVE-2023-29334, CVE-2022-30127, CVE-2023-35618, CVE-2026-66324, CVE-2025-29834, CVE-2024-20675, CVE-2023-28301, CVE-2022-4262, CVE-2022-44708, CVE-2025-21342, CVE-2024-38221, CVE-2022-30192, CVE-2025-4664, CVE-2026-66310, CVE-2026-66322, CVE-2025-21408, CVE-2024-43578, CVE-2024-38093, CVE-2022-2294, CVE-2022-24475, CVE-2021-21224, CVE-2023-2136, CVE-2026-5281, CVE-2025-21401, CVE-2024-43596, CVE-2024-30058, CVE-2024-43587, CVE-2024-7965, CVE-2023-38187, CVE-2022-41115, CVE-2022-21929, CVE-2021-30633, CVE-2024-20709, CVE-2026-21223, CVE-2026-3910, CVE-2021-38669, CVE-2023-36008, CVE-2024-38218, CVE-2023-21794, CVE-2025-6558, CVE-2021-36930, CVE-2023-36027, CVE-2021-38641, CVE-2026-45495, CVE-2022-23264, CVE-2022-23261, CVE-2024-29981, CVE-2024-38208, CVE-2023-36878, CVE-2024-43496, CVE-2024-5274, CVE-2023-38173, CVE-2021-34475, CVE-2023-24935, CVE-2023-38158, CVE-2021-21206, CVE-2021-30563, CVE-2024-2883, CVE-2022-33680, CVE-2024-26188, CVE-2024-26246, CVE-2024-43489, CVE-2024-21326, CVE-2024-38210, CVE-2021-38642, CVE-2026-66313, CVE-2023-36024, CVE-2026-72970, CVE-2021-26436",
2026/09/30,Microsoft Edge,"""CVE-2026-69712 Windows Key Distribution Center Remote Code Execution Vulnerability""",https://msrc.microsoft.com/update-guide/vulnerability/CVE-2026-69712,"""""Updated an acknowledgement. This is an informational change only.""""",CVE-2026-69712,
2026/10/05,Microsoft Edge,"""CVE-2026-69267 Windows Connected User Experiences and Telemetry Information Disclosure Vulnerability""",https://msrc.microsoft.com/update-guide/vulnerability/CVE-2026-69267,"""""Updated an acknowledgement. This is an informational change only.""""",CVE-2026-69267,
2026/10/07,Cisco,"""Cisco Nexus 3000 and 9000 Series Switches NGOAM Remote Code Execution Vulnerabilities""",https://sec.cloudapps.cisco.com/security/center/content/CiscoSecurityAdvisory/cisco-sa-ngoam-rce-LWKQ4BU,"""""","CVE-2026-76485, CVE-2026-76486, CVE-2026-76501",9.8
2026/10/09,Microsoft Edge,"""CVE-2026-50696 Internet Key Exchange (IKE) Protocol Denial of Service Vulnerability""",https://msrc.microsoft.com/update-guide/vulnerability/CVE-2026-50696,"""""Updated an acknowledgement. This is an informational change only.""""",CVE-2026-50696,
2026/10/09,Microsoft Edge,"""CVE-2026-73006 DirectWrite Remote Code Execution Vulnerability""",https://msrc.microsoft.com/update-guide/vulnerability/CVE-2026-73006,"""""Updated an acknowledgement. This is an informational change only.""""",CVE-2026-73006,
2026/09/29,Aruba,"""HPESBNW05146 rev.1 - Multiple Vulnerabilities in HPE Unified OSS Console (UOC) and HPE Unified OSS Console Assurance Monitoring (UOCAM)""",https://support.hpe.com/hpesc/public/docDisplay?docId=hpesbnw05146en_us&docLocale=en_US,"""""HPESBNW05146 rev.1 - Multiple Vulnerabilities in HPE Unified OSS Console (UOC) and HPE Unified OSS Console Assurance Monitoring (UOCAM)""""",,
2026/10/02,Cisco,"""Cisco IOS XE Software Security Hardening Release: August 2026""",https://sec.cloudapps.cisco.com/security/center/content/CiscoSecurityAdvisory/cisco-sa-hardening-iosxe-V8NMuMZJ,"""""","CVE-2026-20273, CVE-2026-20269, CVE-2026-20270, CVE-2026-20272, CVE-2026-20268, CVE-2026-20267, CVE-2026-20271",9.8
2026/10/09,Aruba,"""HPESBST05160 rev.1 - HPE SAN Switches with Brocade Fabric OS (FOS) BSA-2026-3962, Multiple Vulnerabilities""",https://support.hpe.com/hpesc/public/docDisplay?docId=hpesbst05160en_us&docLocale=en_US,"""""HPESBST05160 rev.1 - HPE SAN Switches with Brocade Fabric OS (FOS) BSA-2026-3962, Multiple Vulnerabilities""""",,
2026/10/09,Microsoft Edge,"""CVE-2026-69566 Windows NTFS Remote Code Execution Vulnerability""",https://msrc.microsoft.com/update-guide/vulnerability/CVE-2026-69566,"""""Updated an acknowledgement. This is an informational change only.""""",CVE-2026-69566,
2026/10/07,Cisco,"""Cisco Application Policy Infrastructure Controller API Command Injection Vulnerability""",https://sec.cloudapps.cisco.com/security/center/content/CiscoSecurityAdvisory/cisco-sa-apic-cmdinj-L6VR4E7,"""""",CVE-2026-20321,6.5
2026/09/30,Microsoft Edge,"""CVE-2026-69504 Windows NTFS Information Disclosure Vulnerability""",https://msrc.microsoft.com/update-guide/vulnerability/CVE-2026-69504,"""""Updated an acknowledgement. This is an informational change only.""""",CVE-2026-69504,
2026/09/30,Microsoft Edge,"""CVE-2026-62758 Windows Remote Access Connection Manager Elevation of Privilege Vulnerability""",https://msrc.microsoft.com/update-guide/vulnerability/CVE-2026-62758,"""""Updated an acknowledgement. This is an informational change only.""""",CVE-2026-62758,
2026/10/07,Cisco,"""Cisco Nexus 3000 and 9000 Series Switches MPLS OAM Remote Code Execution Vulnerability""",https://sec.cloudapps.cisco.com/security/center/content/CiscoSecurityAdvisory/cisco-sa-moam-rce-uBTzYV7,"""""",CVE-2026-76465,9.8
2026/10/07,BIND,"""Operational Notification: Domain with apex CNAME and unsigned delegation fails to resolve""",https://kb.isc.org/docs/apex-cname-unsigned-delegation,"""""Title: Operational Notification: Domain with apex CNAME and unsigned delegation fails to resolve Document Version: 1.0 Posting date: 7 October 2026 Canonical URL: https://kb.isc.org/docs/apex-cname-unsigned-delegation Program impacted: BIND Versions affected: BIND 9.20.26 to 9.20.29 Description: A BIND resolver may fail to resolve records within a child zone when all of the following are true: The child zone is delegated from a DNSSEC-signed parent zone The child zone is itself not DNSSEC-sig ...""""",,
2026/10/09,Microsoft Edge,"""CVE-2026-50677 Windows Media Elevation of Privilege Vulnerability""",https://msrc.microsoft.com/update-guide/vulnerability/CVE-2026-50677,"""""Updated an acknowledgement. This is an informational change only.""""",CVE-2026-50677,
2026/10/09,Microsoft Edge,"""CVE-2026-72987 Windows DNS Remote Code Execution Vulnerability""",https://msrc.microsoft.com/update-guide/vulnerability/CVE-2026-72987,"""""Updated an acknowledgement. This is an informational change only.""""",CVE-2026-72987,
2026/10/07,Cisco,"""Cisco Finesse Server-Side Request Forgery Vulnerability""",https://sec.cloudapps.cisco.com/security/center/content/CiscoSecurityAdvisory/cisco-sa-finesse-ssrf-mmSuyugS,"""""",CVE-2026-20362,7.2
2026/09/29,Microsoft Edge,"""CVE-2026-68880 Windows Win32k Elevation of Privilege Vulnerability""",https://msrc.microsoft.com/update-guide/vulnerability/CVE-2026-68880,"""""Updated an acknowledgement. This is an informational change only.""""",CVE-2026-68880,
2026/10/02,Cisco,"""Cisco Catalyst SD-WAN Manager API Authentication Bypass Vulnerability""",https://sec.cloudapps.cisco.com/security/center/content/CiscoSecurityAdvisory/cisco-sa-sdwan-webauth-xr8beuuU,"""""",CVE-2026-76504,9.8
2026/10/09,Microsoft Edge,"""CVE-2026-69433 Windows Error Reporting Elevation of Privilege Vulnerability""",https://msrc.microsoft.com/update-guide/vulnerability/CVE-2026-69433,"""""Updated an acknowledgement. This is an informational change only.""""",CVE-2026-69433,
2026/09/29,Microsoft Edge,"""CVE-2026-50332 Windows Kernel Elevation of Privilege Vulnerability""",https://msrc.microsoft.com/update-guide/vulnerability/CVE-2026-50332,"""""Updated an acknowledgement. This is an informational change only.""""",CVE-2026-50332,
2026/10/07,Cisco,"""Cisco License (Smart Software Manager) On-Prem Vulnerabilities""",https://sec.cloudapps.cisco.com/security/center/content/CiscoSecurityAdvisory/cisco-sa-ssm-access-nttb2dhE,"""""","CVE-2026-76437, CVE-2026-76454, CVE-2026-76452, CVE-2026-20328",9.1
2026/10/09,Microsoft Edge,"""CVE-2026-69571 Windows USB Audio Class driver (usbaudio.sys) Elevation of Privilege Vulnerability""",https://msrc.microsoft.com/update-guide/vulnerability/CVE-2026-69571,"""""Updated an acknowledgement. This is an informational change only.""""",CVE-2026-69571,
2026/09/30,BIND,"""Kea Database Connection Resilience""",https://kb.isc.org/docs/kea-database-resilience,"""""Introduction This document discusses database connectivity problems, parameters that can be adjusted to make Kea compensate for those problems, and some of the implications of doing so. Scenario Symptoms Often this discussion begins with error messages like this: DATABASE_MYSQL_FATAL_ERROR Unrecoverable MySQL error occurred: unable to execute for , reason: Server has gone away (error code: 2006). DHCP6_PACKET_PROCESS_STD_EXCEPTION ... exception occurred during packet processing: fata ...""""",,
2026/10/07,Cisco,"""Cisco Nexus 9000 Series Fabric Switches in ACI Mode Endpoint Group Contract Bypass Vulnerability""",https://sec.cloudapps.cisco.com/security/center/content/CiscoSecurityAdvisory/cisco-sa-aci-epgcbp-SfDU7NLf,"""""",CVE-2026-20038,5.8
2026/10/09,Aruba,"""HPESBNW05165 rev. 1 - Multiple Vulnerabilities in HPE Telco Intelligent Assurance""",https://support.hpe.com/hpesc/public/docDisplay?docId=hpesbnw05165en_us&docLocale=en_US,"""""HPESBNW05165 rev. 1 - Multiple Vulnerabilities in HPE Telco Intelligent Assurance""""",,
2026/09/29,Microsoft Edge,"""CVE-2026-62688 Windows MIDI Service Module Elevation of Privileges Vulnerability""",https://msrc.microsoft.com/update-guide/vulnerability/CVE-2026-62688,"""""Updated an acknowledgement. This is an informational change only.""""",CVE-2026-62688,
2026/10/02,Palo Alto,"""CVE-2026-0250 GlobalProtect App: Buffer Overflow Vulnerability during connection to Portal or Gateway (Severity: MEDIUM)""",https://security.paloaltonetworks.com/CVE-2026-0250,"""""""""",CVE-2026-0250,
2026/10/09,Microsoft Edge,"""CVE-2026-62744 Microsoft Windows Media Foundation Remote Code Execution Vulnerability""",https://msrc.microsoft.com/update-guide/vulnerability/CVE-2026-62744,"""""Updated an acknowledgement. This is an informational change only.""""",CVE-2026-62744,
2026/09/29,Microsoft Edge,"""CVE-2026-56172 Windows VHD miniport driver Elevation of Privilege Vulnerability""",https://msrc.microsoft.com/update-guide/vulnerability/CVE-2026-56172,"""""Updated an acknowledgement. This is an informational change only.""""",CVE-2026-56172,
2026/10/07,Cisco,"""Cisco Advance Notification for Publication of October 7, 2026, Security Advisories""",https://sec.cloudapps.cisco.com/security/center/content/CiscoSecurityAdvisory/cisco-sa-notice-fBn58ELx,"""""","CVE-2026-76467, CVE-2026-76486, CVE-2026-76483, CVE-2026-76453, CVE-2026-76470, CVE-2026-76459, CVE-2026-76499, CVE-2026-76471, CVE-2026-76454, CVE-2026-20321, CVE-2026-76463, CVE-2026-76465, CVE-2026-20038, CVE-2026-20173, CVE-2026-76458, CVE-2026-76488, CVE-2026-76455, CVE-2026-76468, CVE-2026-76500, CVE-2026-20362, CVE-2026-76472, CVE-2026-76469, CVE-2026-76485, CVE-2026-76464, CVE-2026-20032, CVE-2026-76452, CVE-2026-76437, CVE-2026-20328, CVE-2026-76456, CVE-2026-76484, CVE-2026-76480, CVE-2026-76482, CVE-2026-76501, CVE-2026-76457, CVE-2026-76498",
2026/10/09,Aruba,"""HPESBNW05157 rev.1 - HPE Intelligent Management Center (iMC), Remote Authentication Bypass Vulnerability""",https://support.hpe.com/hpesc/public/docDisplay?docId=hpesbnw05157en_us&docLocale=en_US,"""""HPESBNW05157 rev.1 - HPE Intelligent Management Center (iMC), Remote Authentication Bypass Vulnerability""""",,
2026/09/29,Microsoft Edge,"""CVE-2026-62755 Windows DHCP Client Elevation of Privilege Vulnerability""",https://msrc.microsoft.com/update-guide/vulnerability/CVE-2026-62755,"""""Updated an acknowledgement. This is an informational change only.""""",CVE-2026-62755,
2026/10/07,Cisco,"""Cisco NX-OS Software Python Sandbox Escape Vulnerability""",https://sec.cloudapps.cisco.com/security/center/content/CiscoSecurityAdvisory/cisco-sa-nxos-mppe-dhKZAFgb,"""""",CVE-2026-20032,4.4
2026/10/09,Microsoft Edge,"""CVE-2026-69281 Windows License Manager Elevation of Privilege Vulnerability""",https://msrc.microsoft.com/update-guide/vulnerability/CVE-2026-69281,"""""Updated an acknowledgement. This is an informational change only.""""",CVE-2026-69281,
2026/09/30,Palo Alto,"""CVE-2026-0307 GlobalProtect App: Local Privilege Escalation Vulnerabilities (Severity: MEDIUM)""",https://security.paloaltonetworks.com/CVE-2026-0307,"""""""""",CVE-2026-0307,
2026/10/07,Cisco,"""Cisco Application Policy Infrastructure Controller Unauthorized File Access Vulnerability""",https://sec.cloudapps.cisco.com/security/center/content/CiscoSecurityAdvisory/cisco-sa-apic-info-priv-enAdB5vD,"""""",CVE-2026-76488,6.5
2026/10/01,FORTINET,"""Improper limitation of a pathname to a restricted directory""",https://fortiguard.fortinet.com/psirt/FG-IR-26-175,"""""CVSSv3 Score: 9.8 An Improper Limitation of a Pathname to a Restricted Directory ('Path Traversal') [CWE-22] and Improper Neutralization of NULL Byte or NULL Character [CWE-158] vulnerability may allow an unauthenticated attacker to write arbitrary files on the underlying system via crafted HTTP or HTTPS requests.This has been reported to be exploited in the wild, customers are urged to apply the workaround below. Revised on 2026-10-07 00:00:00""""",CVE-2026-104286,
2026/09/28,Microsoft Edge,"""CVE-2026-81355 Virtual Hard Disk (VHD) Miniport Driver Remote Code Execution Vulnerability""",https://msrc.microsoft.com/update-guide/vulnerability/CVE-2026-81355,"""""Updated an acknowledgement. This is an informational change only.""""",CVE-2026-81355,
2026/09/29,Microsoft Edge,"""CVE-2026-50414 Windows Media Elevation of Privilege Vulnerability""",https://msrc.microsoft.com/update-guide/vulnerability/CVE-2026-50414,"""""Updated an acknowledgement. This is an informational change only.""""",CVE-2026-50414,
2026/10/09,Microsoft Edge,"""CVE-2026-65786 Desktop Window Manager Elevation of Privilege Vulnerability""",https://msrc.microsoft.com/update-guide/vulnerability/CVE-2026-65786,"""""Updated an acknowledgement. This is an informational change only.""""",CVE-2026-65786,
2026/09/29,Microsoft Edge,"""CVE-2026-50375 DirectX Graphics Kernel Elevation of Privilege Vulnerability""",https://msrc.microsoft.com/update-guide/vulnerability/CVE-2026-50375,"""""Updated an acknowledgement. This is an informational change only.""""",CVE-2026-50375,
2026/09/30,Microsoft Edge,"""CVE-2026-49800 Windows Web Proxy Auto-Discovery Protocol (WPAD) Elevation of Privilege Vulnerability""",https://msrc.microsoft.com/update-guide/vulnerability/CVE-2026-49800,"""""Updated an acknowledgement. This is an informational change only.""""",CVE-2026-49800,
2026/10/06,Microsoft Edge,"""CVE-2026-78501 Microsoft 365 Copilot Business Chat Information Disclosure Vulnerability""",https://msrc.microsoft.com/update-guide/vulnerability/CVE-2026-78501,"""""Updated an acknowledgement. This is an informational change only.""""",CVE-2026-78501,
2026/10/09,Microsoft Edge,"""CVE-2026-69337 Windows Registry Elevation of Privilege Vulnerability""",https://msrc.microsoft.com/update-guide/vulnerability/CVE-2026-69337,"""""Updated an acknowledgement. This is an informational change only.""""",CVE-2026-69337,
2026/10/09,Microsoft Edge,"""CVE-2026-69688 Windows Encrypting File System (EFS) Elevation of Privilege Vulnerability""",https://msrc.microsoft.com/update-guide/vulnerability/CVE-2026-69688,"""""Updated an acknowledgement. This is an informational change only.""""",CVE-2026-69688,
2026/09/29,Microsoft Edge,"""CVE-2026-57095 Win32k Elevation of Privilege Vulnerability""",https://msrc.microsoft.com/update-guide/vulnerability/CVE-2026-57095,"""""Updated an acknowledgement. This is an informational change only.""""",CVE-2026-57095,
2026/10/06,Microsoft Edge,"""CVE-2026-69582 Windows Volume Manager Extension Driver Elevation of Privilege Vulnerability""",https://msrc.microsoft.com/update-guide/vulnerability/CVE-2026-69582,"""""Updated an acknowledgement. This is an informational change only.""""",CVE-2026-69582,
2026/09/29,Microsoft Edge,"""CVE-2026-50400 Windows App Package Installer Elevation of Privilege Vulnerability""",https://msrc.microsoft.com/update-guide/vulnerability/CVE-2026-50400,"""""Updated an acknowledgement. This is an informational change only.""""",CVE-2026-50400,
2026/10/06,Microsoft Edge,"""CVE-2026-50387 Windows GDI Elevation of Privilege Vulnerability""",https://msrc.microsoft.com/update-guide/vulnerability/CVE-2026-50387,"""""Updated an acknowledgement. This is an informational change only.""""",CVE-2026-50387,
2026/10/09,ESET,"""ESET Customer Advisory: Modules Review, September 2026""",https://support-feed.eset.com/link/15370/17492587/ca9025,"""""",,
2026/10/09,Microsoft Edge,"""CVE-2026-69322 Microsoft Windows Search Component Elevation of Privilege Vulnerability""",https://msrc.microsoft.com/update-guide/vulnerability/CVE-2026-69322,"""""Updated an acknowledgement. This is an informational change only.""""",CVE-2026-69322,
2026/10/06,Microsoft Edge,"""CVE-2026-54128 Windows DHCP Client Remote Code Execution Vulnerability""",https://msrc.microsoft.com/update-guide/vulnerability/CVE-2026-54128,"""""Updated an acknowledgement. This is an informational change only.""""",CVE-2026-54128,
2026/10/09,Microsoft Edge,"""CVE-2026-62688 Windows MIDI Service Module Elevation of Privileges Vulnerability""",https://msrc.microsoft.com/update-guide/vulnerability/CVE-2026-62688,"""""Updated an acknowledgement. This is an informational change only.""""",CVE-2026-62688,
2026/10/09,Microsoft Edge,"""CVE-2026-62751 Windows Projected File System Elevation of Privilege Vulnerability""",https://msrc.microsoft.com/update-guide/vulnerability/CVE-2026-62751,"""""Updated an acknowledgement. This is an informational change only.""""",CVE-2026-62751,
2026/09/29,Microsoft Edge,"""CVE-2026-50357 Windows Resilient File System (ReFS) Elevation of Privilege Vulnerability""",https://msrc.microsoft.com/update-guide/vulnerability/CVE-2026-50357,"""""Updated an acknowledgement. This is an informational change only.""""",CVE-2026-50357,
2026/10/09,Microsoft Edge,"""CVE-2026-69324 Windows Performance Monitor Elevation of Privilege Vulnerability""",https://msrc.microsoft.com/update-guide/vulnerability/CVE-2026-69324,"""""Updated an acknowledgement. This is an informational change only.""""",CVE-2026-69324,
2026/09/30,Microsoft Edge,"""CVE-2026-61938 Windows Installer Elevation of Privilege Vulnerability""",https://msrc.microsoft.com/update-guide/vulnerability/CVE-2026-61938,"""""Updated an acknowledgement. This is an informational change only.""""",CVE-2026-61938,
2026/10/09,Microsoft Edge,"""CVE-2026-68875 Windows NTFS Remote Code Execution Vulnerability""",https://msrc.microsoft.com/update-guide/vulnerability/CVE-2026-68875,"""""Updated an acknowledgement. This is an informational change only.""""",CVE-2026-68875,
2026/10/09,Microsoft Edge,"""CVE-2026-62876 Windows Win32k Elevation of Privilege Vulnerability""",https://msrc.microsoft.com/update-guide/vulnerability/CVE-2026-62876,"""""Updated an acknowledgement. This is an informational change only.""""",CVE-2026-62876,
2026/10/05,Android OS,"""October 2026""",https://source.android.com/docs/security/bulletin/2026/2026-10-01,"""""","CVE-2026-49885, CVE-2026-45516, CVE-2026-58841, CVE-2026-58880, CVE-2026-58865, CVE-2026-55266, CVE-2026-55280, CVE-2026-58835, CVE-2026-55269, CVE-2026-55270, CVE-2026-49937, CVE-2026-49878, CVE-2026-55265, CVE-2026-55286, CVE-2026-58834, CVE-2026-55279, CVE-2026-58815, CVE-2026-58854, CVE-2026-45513, CVE-2026-58859, CVE-2026-49880, CVE-2026-49933, CVE-2026-45524, CVE-2026-28667, CVE-2026-58856",
2026/09/28,Aruba,"""HPESBHF05079 rev.2 - HPE Compute Scale-up Server 3200 and 3250 platforms, Superdome Flex and Superdome Flex 280 servers, Multiple Vulnerabilities""",https://support.hpe.com/hpesc/public/docDisplay?docId=hpesbhf05079en_us&docLocale=en_US,"""""HPESBHF05079 rev.2 - HPE Compute Scale-up Server 3200 and 3250 platforms, Superdome Flex and Superdome Flex 280 servers, Multiple Vulnerabilities""""",,
2026/10/05,Aruba,"""HPESBHF05163 rev.1 - HPE Integrated Lights-Out (iLO) 7 Using COM, User Validation Failure Vulnerability""",https://support.hpe.com/hpesc/public/docDisplay?docId=hpesbhf05163en_us&docLocale=en_US,"""""HPESBHF05163 rev.1 - HPE Integrated Lights-Out (iLO) 7 Using COM, User Validation Failure Vulnerability""""",,
2026/10/09,Microsoft Edge,"""CVE-2026-72982 Windows Netlogon Remote Code Execution Vulnerability""",https://msrc.microsoft.com/update-guide/vulnerability/CVE-2026-72982,"""""Updated an acknowledgement. This is an informational change only.""""",CVE-2026-72982,
2026/10/09,Microsoft Edge,"""CVE-2026-50375 DirectX Graphics Kernel Elevation of Privilege Vulnerability""",https://msrc.microsoft.com/update-guide/vulnerability/CVE-2026-50375,"""""Updated an acknowledgement. This is an informational change only.""""",CVE-2026-50375,
2026/09/30,Microsoft Edge,"""CVE-2026-66804 Microsoft Windows Cross Device Service Elevation of Privilege Vulnerability""",https://msrc.microsoft.com/update-guide/vulnerability/CVE-2026-66804,"""""Updated an acknowledgement. This is an informational change only.""""",CVE-2026-66804,
2026/09/28,Apple,"""macOS Tahoe 26.7.1""",https://support.apple.com/en-us/149228,"""""",CVE-2026-86950,
2026/09/30,Aruba,"""HPESBHF05153 rev.1 - HPE Compute Scale-up Server 3200 and 3250 platforms, Superdome Flex and Superdome Flex 280 servers, Remote Command Execution""",https://support.hpe.com/hpesc/public/docDisplay?docId=hpesbhf05153en_us&docLocale=en_US,"""""HPESBHF05153 rev.1 - HPE Compute Scale-up Server 3200 and 3250 platforms, Superdome Flex and Superdome Flex 280 servers, Remote Command Execution""""",,
2026/10/08,Microsoft Edge,"""CVE-2026-69581 Windows Device Association Service Elevation of Privilege Vulnerability""",https://msrc.microsoft.com/update-guide/vulnerability/CVE-2026-69581,"""""Updated an acknowledgement. This is an informational change only.""""",CVE-2026-69581,
2026/10/09,Microsoft Edge,"""CVE-2026-62777 Windows License Manager Elevation of Privilege Vulnerability""",https://msrc.microsoft.com/update-guide/vulnerability/CVE-2026-62777,"""""Updated an acknowledgement. This is an informational change only.""""",CVE-2026-62777,
2026/10/09,Microsoft Edge,"""CVE-2026-69693 Windows Device Association Broker Service Elevation of Privilege Vulnerability""",https://msrc.microsoft.com/update-guide/vulnerability/CVE-2026-69693,"""""Updated an acknowledgement. This is an informational change only.""""",CVE-2026-69693,
2026/10/09,Microsoft Edge,"""CVE-2026-69385 Windows TCP/IP Elevation of Privilege Vulnerability""",https://msrc.microsoft.com/update-guide/vulnerability/CVE-2026-69385,"""""Updated an acknowledgement. This is an informational change only.""""",CVE-2026-69385,
2026/09/30,Mozilla Security Advisories,"""MFSA 2026-101 Security Vulnerabilities fixed in Thunderbird 157""",https://www.mozilla.org/en-US/security/advisories/mfsa2026-101/,"""""","CVE-2026-100808, CVE-2026-96869, CVE-2026-100756, CVE-2026-100820, CVE-2026-100816, CVE-2026-100791, CVE-2026-100782, CVE-2026-100809, CVE-2026-100784, CVE-2026-100769, CVE-2026-100796, CVE-2026-100794, CVE-2026-100764, CVE-2026-100804, CVE-2026-100801, CVE-2026-100793, CVE-2026-100778, CVE-2026-100771, CVE-2026-100773, CVE-2026-100758, CVE-2026-100802, CVE-2026-100766, CVE-2026-100814, CVE-2026-100786, CVE-2026-100830, CVE-2026-100768, CVE-2026-100780, CVE-2026-100799, CVE-2026-100798, CVE-2026-100812, CVE-2026-100822, CVE-2026-100760, CVE-2026-100774, CVE-2026-100787, CVE-2026-100761, CVE-2026-100765, CVE-2026-100770, CVE-2026-100777, CVE-2026-100805, CVE-2026-100813, CVE-2026-100819, CVE-2026-100781, CVE-2026-100797, CVE-2026-100828, CVE-2026-100831, CVE-2026-100792, CVE-2026-100817, CVE-2026-100815, CVE-2026-100788, CVE-2026-100806, CVE-2026-100821, CVE-2026-100818, CVE-2026-100826, CVE-2026-103500, CVE-2026-100800, CVE-2026-100803, CVE-2026-100829, CVE-2026-100807, CVE-2026-100757, CVE-2026-100759, CVE-2026-100789, CVE-2026-100762, CVE-2026-100779, CVE-2026-100825, CVE-2026-100810, CVE-2026-100790, CVE-2026-100767, CVE-2026-100776, CVE-2026-100763, CVE-2026-100775, CVE-2026-100783, CVE-2026-100772, CVE-2026-100811, CVE-2026-100785, CVE-2026-100795, CVE-2026-100824",
2026/10/01,BIND,"""Kea and the 767 bytes limit in MySQL""",https://kb.isc.org/docs/kea-767-bytes-limit-mysql,"""""There are reports of problems showing up when MySQL is used with Kea under certain conditons. After preparing the MySQL database and running: $ kea-admin db-init mysql One of the following errors pops up: ERROR 1071 (42000) at line 805: Specified key was too long; max key length is 767 bytes or ERROR 1709 (HY000) at line 805: Index column size too large. The maximum column size is 767 bytes. These both refer to the same CREATE TABLE statement. CREATE TABLE IF NOT EXISTS dhcp4_server ( id BI ...""""",,
2026/10/09,Microsoft Edge,"""CVE-2026-69732 Windows Link Layer Topology Discovery Protocol Remote Code Execution Vulnerability""",https://msrc.microsoft.com/update-guide/vulnerability/CVE-2026-69732,"""""Updated an acknowledgement. This is an informational change only.""""",CVE-2026-69732,
2026/09/28,Apple,"""iOS 26.7.1 and iPadOS 26.7.1""",https://support.apple.com/en-us/149226,"""""",CVE-2026-86950,
2026/09/30,Mozilla Security Advisories,"""MFSA 2026-102 Security Vulnerabilities fixed in Thunderbird 140.17""",https://www.mozilla.org/en-US/security/advisories/mfsa2026-102/,"""""","CVE-2026-96869, CVE-2026-100756, CVE-2026-100820, CVE-2026-100791, CVE-2026-100782, CVE-2026-100784, CVE-2026-100769, CVE-2026-100794, CVE-2026-100801, CVE-2026-100778, CVE-2026-100771, CVE-2026-100773, CVE-2026-100758, CVE-2026-100766, CVE-2026-100786, CVE-2026-100780, CVE-2026-92035, CVE-2026-100774, CVE-2026-100770, CVE-2026-100777, CVE-2026-100819, CVE-2026-100781, CVE-2026-100797, CVE-2026-100792, CVE-2026-100788, CVE-2026-100821, CVE-2026-100818, CVE-2026-103500, CVE-2026-100803, CVE-2026-100807, CVE-2026-100757, CVE-2026-100759, CVE-2026-100789, CVE-2026-100762, CVE-2026-100779, CVE-2026-100832, CVE-2026-100790, CVE-2026-100767, CVE-2026-100776, CVE-2026-100775, CVE-2026-100783, CVE-2026-100811, CVE-2026-100772, CVE-2026-100785",
2026/10/09,Microsoft Edge,"""CVE-2026-54986 Windows Win32k Elevation of Privilege Vulnerability""",https://msrc.microsoft.com/update-guide/vulnerability/CVE-2026-54986,"""""Updated an acknowledgement. This is an informational change only.""""",CVE-2026-54986,
2026/10/09,Microsoft Edge,"""CVE-2026-50448 Windows NTFS Remote Code Execution Vulnerability""",https://msrc.microsoft.com/update-guide/vulnerability/CVE-2026-50448,"""""Updated an acknowledgement. This is an informational change only.""""",CVE-2026-50448,
2026/10/09,Microsoft Edge,"""CVE-2026-62747 Windows Device Association Service Elevation of Privilege Vulnerability""",https://msrc.microsoft.com/update-guide/vulnerability/CVE-2026-62747,"""""Updated an acknowledgement. This is an informational change only.""""",CVE-2026-62747,
2026/09/30,Mozilla Security Advisories,"""MFSA 2026-103 Security Vulnerabilities fixed in Thunderbird 153.4""",https://www.mozilla.org/en-US/security/advisories/mfsa2026-103/,"""""","CVE-2026-100808, CVE-2026-96869, CVE-2026-100756, CVE-2026-100820, CVE-2026-100816, CVE-2026-100791, CVE-2026-100782, CVE-2026-100809, CVE-2026-100784, CVE-2026-100769, CVE-2026-100794, CVE-2026-100801, CVE-2026-100778, CVE-2026-100771, CVE-2026-100773, CVE-2026-100758, CVE-2026-100766, CVE-2026-100814, CVE-2026-100786, CVE-2026-100830, CVE-2026-100780, CVE-2026-100798, CVE-2026-100812, CVE-2026-100822, CVE-2026-100760, CVE-2026-100774, CVE-2026-100787, CVE-2026-100765, CVE-2026-100770, CVE-2026-100777, CVE-2026-100819, CVE-2026-100828, CVE-2026-100831, CVE-2026-100781, CVE-2026-100797, CVE-2026-100792, CVE-2026-100815, CVE-2026-100788, CVE-2026-100806, CVE-2026-100821, CVE-2026-100818, CVE-2026-100826, CVE-2026-103500, CVE-2026-100800, CVE-2026-100803, CVE-2026-100829, CVE-2026-100807, CVE-2026-100757, CVE-2026-100759, CVE-2026-100789, CVE-2026-100762, CVE-2026-100779, CVE-2026-100832, CVE-2026-100825, CVE-2026-100790, CVE-2026-100767, CVE-2026-100776, CVE-2026-100775, CVE-2026-100783, CVE-2026-100811, CVE-2026-100772, CVE-2026-100785, CVE-2026-100824",
2026/09/28,Apple,"""macOS Sequoia 15.8.1""",https://support.apple.com/en-us/149229,"""""",CVE-2026-86950,
2026/10/08,Microsoft Edge,"""CVE-2026-58528 Windows USB Audio Class Driver Information Disclosure Vulnerability""",https://msrc.microsoft.com/update-guide/vulnerability/CVE-2026-58528,"""""Updated an acknowledgement. This is an informational change only.""""",CVE-2026-58528,
2026/10/01,BIND,"""Operational Notification:ISC DHCP OMAPI interface memory usage attack""",https://kb.isc.org/docs/isc-dhcp-omapi-interface-memory-usage-attack,"""""Title: Operational Notification: ISC DHCP OMAPI interface memory usage attack Document Version: 1.2 Posting date: 1st October 2026 Canonical URL: https://kb.isc.org/docs/isc-dhcp-omapi-interface-memory-usage-attack Program impacted: ISC DHCP Versions affected: ISC DHCP 4.1-ESV-R1 -> 4.1-ESV-R16-P1 4.4.0 -> 4.4.3. ISC DHCP is EOL All branches of ISC DHCP are beyond their End-of-Life (EOL) and are no longer supported by ISC. ISC DHCP users are encouraged to migrate to its successor, Kea. It is ...""""",,
2026/10/09,Microsoft Edge,"""CVE-2026-72979 Windows DHCP Server Remote Code Execution Vulnerability""",https://msrc.microsoft.com/update-guide/vulnerability/CVE-2026-72979,"""""Updated an acknowledgement. This is an informational change only.""""",CVE-2026-72979,
2026/10/09,Microsoft Edge,"""CVE-2026-69340 Windows NTFS Elevation of Privilege Vulnerability""",https://msrc.microsoft.com/update-guide/vulnerability/CVE-2026-69340,"""""Updated an acknowledgement. This is an informational change only.""""",CVE-2026-69340,
2026/09/30,Microsoft Edge,"""CVE-2026-62722 Microsoft Brokering File System Elevation of Privilege Vulnerability""",https://msrc.microsoft.com/update-guide/vulnerability/CVE-2026-62722,"""""Updated an acknowledgement. This is an informational change only.""""",CVE-2026-62722,
2026/10/08,Microsoft Edge,"""CVE-2026-69270 Windows USB Audio Class driver (usbaudio.sys) Elevation of Privilege Vulnerability""",https://msrc.microsoft.com/update-guide/vulnerability/CVE-2026-69270,"""""Updated an acknowledgement. This is an informational change only.""""",CVE-2026-69270,
2026/10/08,Microsoft Edge,"""CVE-2026-77904 Windows Volume Manager Extension Driver Elevation of Privilege Vulnerability""",https://msrc.microsoft.com/update-guide/vulnerability/CVE-2026-77904,"""""Updated an acknowledgement. This is an informational change only.""""",CVE-2026-77904,
2026/09/30,Microsoft Edge,"""CVE-2026-65787 Desktop Window Manager Elevation of Privilege Vulnerability""",https://msrc.microsoft.com/update-guide/vulnerability/CVE-2026-65787,"""""Updated an acknowledgement. This is an informational change only.""""",CVE-2026-65787,
2026/09/30,Microsoft Edge,"""CVE-2026-62699 Windows Universal Disk Format File System Driver (UDFS) Remote Code Execution Vulnerability""",https://msrc.microsoft.com/update-guide/vulnerability/CVE-2026-62699,"""""Updated an acknowledgement. This is an informational change only.""""",CVE-2026-62699,
2026/10/01,Microsoft Edge Security Updates,"""Microsoft Edge Security Updates""",https://learn.microsoft.com/en-us/deployedge/microsoft-edge-relnotes-security#october-01-2026,"""Microsoft released the latest Microsoft Edge for Stable (Version 154.0.4258.53) which incorporates the latest Security Updates of the Chromium project. For more information, see the Security Update Guide.""","CVE-2025-26643, CVE-2023-28261, CVE-2026-66321, CVE-2023-36559, CVE-2024-4671, CVE-2024-26196, CVE-2022-44688, CVE-2025-47181, CVE-2026-66316, CVE-2024-21423, CVE-2025-21399, CVE-2026-66314, CVE-2022-26912, CVE-2024-49054, CVE-2024-38082, CVE-2020-16013, CVE-2023-38174, CVE-2024-39379, CVE-2023-21719, CVE-2025-29795, CVE-2021-4102, CVE-2021-36929, CVE-2021-30551, CVE-2024-49041, CVE-2023-21720, CVE-2023-36727, CVE-2022-30128, CVE-2024-30056, CVE-2024-21385, CVE-2023-36029, CVE-2022-26905, CVE-2022-29144, CVE-2024-21382, CVE-2023-21796, CVE-2021-30632, CVE-2026-62904, CVE-2024-26192, CVE-2024-26167, CVE-2023-5217, CVE-2021-21193, CVE-2023-28284, CVE-2025-21283, CVE-2024-4761, CVE-2024-21399, CVE-2026-66318, CVE-2024-38103, CVE-2022-33649, CVE-2022-33638, CVE-2021-36931, CVE-2020-16017, CVE-2020-16009, CVE-2024-21337, CVE-2023-29345, CVE-2024-43595, CVE-2025-24201, CVE-2026-85892, CVE-2022-23258, CVE-2024-26163, CVE-2024-30057, CVE-2021-21220, CVE-2023-33143, CVE-2023-36887, CVE-2021-42308, CVE-2024-29057, CVE-2024-7971, CVE-2021-38000, CVE-2020-1341, CVE-2023-3079, CVE-2022-21970, CVE-2022-38012, CVE-2023-36883, CVE-2024-49023, CVE-2022-41035, CVE-2024-21388, CVE-2025-21262, CVE-2022-26891, CVE-2025-21267, CVE-2024-4947, CVE-2022-26899, CVE-2021-30554, CVE-2024-29987, CVE-2025-47967, CVE-2022-26895, CVE-2023-36741, CVE-2024-21387, CVE-2023-35392, CVE-2023-21795, CVE-2024-43577, CVE-2024-20721, CVE-2026-66323, CVE-2025-53791, CVE-2024-30055, CVE-2026-41107, CVE-2023-36014, CVE-2025-21185, CVE-2021-34506, CVE-2023-38157, CVE-2026-58616, CVE-2025-47963, CVE-2026-87491, CVE-2026-66315, CVE-2026-33119, CVE-2022-26894, CVE-2024-21383, CVE-2025-62223, CVE-2024-41879, CVE-2026-66311, CVE-2025-47182, CVE-2023-23374, CVE-2022-24523, CVE-2026-65802, CVE-2025-29796, CVE-2023-21775, CVE-2023-7024, CVE-2026-65804, CVE-2022-26909, CVE-2026-42838, CVE-2021-38003, CVE-2022-0609, CVE-2024-29986, CVE-2025-29825, CVE-2023-36880, CVE-2022-3723, CVE-2022-1096, CVE-2024-21336, CVE-2022-26908, CVE-2024-29991, CVE-2020-1195, CVE-2021-26439, CVE-2025-10585, CVE-2023-36888, CVE-2024-38083, CVE-2026-70341, CVE-2026-0385, CVE-2022-21954, CVE-2025-2783, CVE-2026-2441, CVE-2026-72984, CVE-2025-47964, CVE-2024-43580, CVE-2023-36026, CVE-2023-36562, CVE-2021-21166, CVE-2026-0102, CVE-2023-28286, CVE-2025-21404, CVE-2023-2033, CVE-2025-49713, CVE-2021-31937, CVE-2021-33741, CVE-2026-66326, CVE-2022-22021, CVE-2022-1364, CVE-2021-37975, CVE-2025-13223, CVE-2025-6554, CVE-2024-49025, CVE-2024-43566, CVE-2024-43472, CVE-2022-2856, CVE-2020-6418, CVE-2022-23263, CVE-2023-29350, CVE-2026-45494, CVE-2026-33118, CVE-2024-38222, CVE-2022-29147, CVE-2021-36928, CVE-2025-60711, CVE-2026-66317, CVE-2026-26133, CVE-2025-5419, CVE-2022-29146, CVE-2021-21148, CVE-2024-38156, CVE-2023-36034, CVE-2024-26247, CVE-2023-36787, CVE-2026-66798, CVE-2022-23262, CVE-2021-31982, CVE-2026-3909, CVE-2022-33639, CVE-2025-25000, CVE-2026-85046, CVE-2025-21279, CVE-2024-38209, CVE-2023-36022, CVE-2023-33145, CVE-2023-0941, CVE-2021-43220, CVE-2024-38207, CVE-2024-29049, CVE-2022-4135, CVE-2021-43221, CVE-2021-37973, CVE-2022-21931, CVE-2026-11645, CVE-2023-29354, CVE-2026-66325, CVE-2022-26900, CVE-2020-15999, CVE-2024-0519, CVE-2022-3075, CVE-2023-4863, CVE-2021-24113, CVE-2022-35796, CVE-2026-45492, CVE-2024-43579, CVE-2023-36735, CVE-2023-6345, CVE-2022-33636, CVE-2021-37976, CVE-2026-66312, CVE-2026-40416, CVE-2024-38219, CVE-2023-44323, CVE-2022-21930, CVE-2025-21253, CVE-2023-29334, CVE-2022-30127, CVE-2023-35618, CVE-2026-66324, CVE-2025-29834, CVE-2024-20675, CVE-2023-28301, CVE-2022-4262, CVE-2022-44708, CVE-2025-21342, CVE-2024-38221, CVE-2022-30192, CVE-2025-4664, CVE-2026-66310, CVE-2026-66322, CVE-2025-21408, CVE-2024-43578, CVE-2024-38093, CVE-2022-2294, CVE-2022-24475, CVE-2021-21224, CVE-2023-2136, CVE-2026-5281, CVE-2025-21401, CVE-2024-43596, CVE-2024-30058, CVE-2024-43587, CVE-2024-7965, CVE-2023-38187, CVE-2022-41115, CVE-2022-21929, CVE-2021-30633, CVE-2024-20709, CVE-2026-21223, CVE-2026-3910, CVE-2021-38669, CVE-2023-36008, CVE-2024-38218, CVE-2023-21794, CVE-2025-6558, CVE-2021-36930, CVE-2023-36027, CVE-2021-38641, CVE-2026-45495, CVE-2022-23264, CVE-2022-23261, CVE-2024-29981, CVE-2024-38208, CVE-2023-36878, CVE-2024-43496, CVE-2024-5274, CVE-2023-38173, CVE-2021-34475, CVE-2023-24935, CVE-2023-38158, CVE-2021-21206, CVE-2021-30563, CVE-2024-2883, CVE-2022-33680, CVE-2024-26188, CVE-2024-26246, CVE-2024-43489, CVE-2024-21326, CVE-2024-38210, CVE-2021-38642, CVE-2026-66313, CVE-2023-36024, CVE-2026-72970, CVE-2021-26436",
2026/10/09,Microsoft Edge,"""CVE-2026-69582 Windows Volume Manager Extension Driver Elevation of Privilege Vulnerability""",https://msrc.microsoft.com/update-guide/vulnerability/CVE-2026-69582,"""""Updated an acknowledgement. This is an informational change only.""""",CVE-2026-69582,
2026/10/08,Microsoft Edge,"""CVE-2026-50441 Windows Resilient File System (ReFS) Elevation of Privilege Vulnerability""",https://msrc.microsoft.com/update-guide/vulnerability/CVE-2026-50441,"""""Updated an acknowledgement. This is an informational change only.""""",CVE-2026-50441,
2026/10/09,Microsoft Edge,"""CVE-2026-68878 Windows Fast FAT Driver Elevation of Privilege Vulnerability""",https://msrc.microsoft.com/update-guide/vulnerability/CVE-2026-68878,"""""Updated an acknowledgement. This is an informational change only.""""",CVE-2026-68878,
2026/10/09,Microsoft Edge,"""CVE-2026-69451 Windows Management Instrumentation Elevation of Privilege Vulnerability""",https://msrc.microsoft.com/update-guide/vulnerability/CVE-2026-69451,"""""Updated an acknowledgement. This is an informational change only.""""",CVE-2026-69451,
2026/09/30,Microsoft Edge,"""CVE-2026-62784 Microsoft Local Security Authority Server (lsasrv) Remote Code Execution Vulnerability""",https://msrc.microsoft.com/update-guide/vulnerability/CVE-2026-62784,"""""Updated an acknowledgement. This is an informational change only.""""",CVE-2026-62784,
2026/09/30,Microsoft Edge,"""CVE-2026-69451 Windows Management Instrumentation Elevation of Privilege Vulnerability""",https://msrc.microsoft.com/update-guide/vulnerability/CVE-2026-69451,"""""Updated an acknowledgement. This is an informational change only.""""",CVE-2026-69451,
