"SiteName","date","title","link","error"
"Apache Tomcat 11 Security Advisories","","","","Invalid date format"
"Apache Tomcat 9 Security Advisories","","","","Invalid date format"
"Apache Tomcat 10 Security Advisories","","","","Invalid date format"
"PHP Security Releases","2025/12/18","PHP 8.1.34 Released!","https://www.php.net/archive/2025.php#2025-12-18-5",""
"SAP","2026/09/08","September Patch Day Security Notes","https://support.sap.com/en/my-support/knowledge-base/security-notes-news/september-2026.html",""
"一太郎","","","","Invalid date format"
"Cisco","2026/09/24","Cisco Identity Services Engine Authentication Bypass Vulnerabilities","https://sec.cloudapps.cisco.com/security/center/content/CiscoSecurityAdvisory/cisco-sa-ise-multiauth-bypass-sgD2HbL4",""
"Cisco Webex Security Advisories","2026/06/03","Cisco Webex Meetingsのクロスサイトスクリプティングの脆弱性","https://www.cisco.com/c/ja_jp/support/docs/csa/2026/cisco-sa-webex-xss-jw3NeQzS.html",""
"Zoom Security Bulletin","2026/08/11","Zoom Clients - Use After Free","https://www.zoom.com/ja/trust/security-bulletin/ZSB-26017/",""
"Aruba","2026/09/29","HPESBNW05146 rev.1 - Multiple Vulnerabilities in HPE Unified OSS Console (UOC) and HPE Unified OSS Console Assurance Monitoring (UOCAM)","https://support.hpe.com/hpesc/public/docDisplay?docId=hpesbnw05146en_us&docLocale=en_US",""
"SKYSEA Client View","2026/09/25","脆弱性報奨金制度の一時的な受付基準変更に関するお知らせ","https://www.skygroup.jp/security-info/news/260925.html",""
"BarracudaAdvisories","2026/09/21","RCE Vulnerability in Barracuda ESG Appliances – Hotfix Available","https://trust.barracuda.com/security/rce-vulnerability-in-esg-appliances",""
"FFRI Security Info","2024/07/29","【重要】FFRI AMCにおける任意のコマンド実行可能な脆弱性について","https://www.ffri.jp/assets/files/other_docs/20240729.pdf",""
"Google Chrome Releases","2026/09/24","Stable Channel Update for ChromeOS / ChromeOS Flex","https://chromereleases.googleblog.com/2026/09/stable-channel-update-for-chromeos_01638908712.html",""
"Mozilla Security Advisories","2026/09/29","MFSA 2026-100 Security Vulnerabilities fixed in Firefox ESR 153.4","https://www.mozilla.org/en-US/security/advisories/mfsa2026-100/",""
"SonicWall","2026/09/03","SonicWall NSM On-Prem Affected By Multiple Vulnerabilities","https://psirt.global.sonicwall.com/vuln-detail/SNWLID-2026-0015",""
"Microsoft Edge Security Updates","","","","Invalid date format"
"Microsoft Edge","2026/09/29","CVE-2026-62694 Windows Installer Elevation of Privilege Vulnerability","https://msrc.microsoft.com/update-guide/vulnerability/CVE-2026-62694",""
"TrendMicro Apex One","2026/03/31","[一般ニュース][復旧済み][誤警告情報]検出名 Ransom.Win32.TRX.XXPE50F13033 による特定のファイルの誤警告事象について:2026/03/31 14:00:00","https://appweb.trendmicro.com/SupportNews/NewsDetail.aspx?id=5675",""
"Palo Alto","2026/09/23","CVE-2026-0307 GlobalProtect App: Local Privilege Escalation Vulnerabilities (Severity: MEDIUM)","https://security.paloaltonetworks.com/CVE-2026-0307",""
"Microsoft Teams","2026/09/29","CVE-2026-62694 Windows Installer Elevation of Privilege Vulnerability","https://msrc.microsoft.com/update-guide/vulnerability/CVE-2026-62694",""
"Ivanti","2026/09/08","September 2026 Security Update","https://www.ivanti.com/blog/september-2026-security-update",""
"FORTINET","2026/09/08","Arbitrary process termination from exposed minifilter communication port","https://fortiguard.fortinet.com/psirt/FG-IR-26-165",""
"ShareFile","2026/09/21","Some ShareFile customers may be experiencing issues with their ShareFile account","https://status.sharefile.com/incidents/t9z8c4kp4r1s",""
"WordPress","2026/09/22","WordPress 7.1.2 Release","https://wordpress.org/news/2026/09/wordpress-7-1-2-release/",""
"Apple","2026/09/28","iOS 26.7.1 and iPadOS 26.7.1","https://support.apple.com/en-us/149226",""
"AtlassianAdvisories","","","","Invalid date format"
"Android OS","","","","Invalid date format"
"BIND","2026/09/25","Adding DKIM Records with BIND9","https://kb.isc.org/docs/aa-00725",""
"Oracle","2026/09/15","Oracle Critical Security Patch Update Advisory - September 2026","https://www.oracle.com/security-alerts/cspusep2026.html",""
"Proself","2026/09/17","macOSでProself Diskをご利用のお客様へ","https://www.proself.jp/information/177/",""
"ESET","2026/09/11","ESET Customer Advisory: Modules Review, August 2026","https://support-feed.eset.com/link/15370/17445349/ca9007",""
"SolarWinds","","","","Invalid date format"
"QNAP Systems","2026/06/17","Vulnerabilities in QTS, QuTS hero, QuTS cloud, and QVP (QVR Pro appliances)","https://www.qnap.com/en-us/security-advisory/QSA-26-10",""
"NGINX","2026/09/15","nginx-1.30.5","https://nginx.org/en/download.html",""
"MovableType","2026/09/09","Movable Type クラウド版の Linux カーネルを更新しました","https://www.sixapart.jp/movabletype/news/2026/09/09-1100.html",""
"F5","2026/09/29","K13167034: OpenSSL vulnerability CVE-2016-2183","https://my.f5.com/manage/s/article/K13167034?utm_source=f5support&utm_medium=RSS",""
"Citrix","","","","Message: 
"
"Joomla!","2026/08/17","[20260810] - Core - Unrestricted uploads of SHTML files","https://developer.joomla.org/security-centre/1077-20260810-core-unrestricted-uploads-of-shtml-files.html",""
"PHPMailer GitHub","2021/06/16","A validation function with the same name as a built-in validator can be called","https://github.com/PHPMailer/PHPMailer/security/advisories/GHSA-77mr-wc79-m8j3",""
"GNU C Library (glibc) Releases","","","","Invalid date format"
"NTP Release","2024/05/25","4.2.8p18","https://www.ntp.org/support/securitynotice/4_2_8p18-release-announcement/",""
"Postfix","","","","Invalid date format"
"netgear","","","","Message: 
"
"Broadcom VMware","","","","Message: 
"
"Broadcom Symantec","","","","Message: 
"
"Juniper","","","","Message: 
"
